"Record ID","Record Type","Component","File Path","Location","Route or Control","Current Behaviour","Evidence","Release Risk or User Impact","Security or Integrity Relevance","Finding Classification","Release Decision","Responsible Phase B Task","Reachability or Visibility","Validation Status","Notes"
"FILE-0001","File","Runtime and deployment",".env.example","lines 1-52","Tracked file","Non-secret environment template.","Git-tracked at ce41172e2f46f5250d9671e9427936c05fac0fa5; bytes=1841; lines=52; SHA-256 prefix=9DC4394B1CB12499.","No file-level release defect; material subcomponents are recorded separately.","Security, integrity, or deployment boundary reviewed.","None","Retain","B9-01","Tracked repository","Static review completed","Individual file coverage row."
"FILE-0002","File","Runtime and deployment",".env.production.example","lines 1-22","Tracked file","Non-secret environment template.","Git-tracked at ce41172e2f46f5250d9671e9427936c05fac0fa5; bytes=673; lines=22; SHA-256 prefix=8BD0A0DEA9DFC4E8.","No file-level release defect; material subcomponents are recorded separately.","Security, integrity, or deployment boundary reviewed.","None","Retain","B9-01","Tracked repository","Static review completed","Individual file coverage row."
"FILE-0003","File","Repository governance or configuration",".gitignore","lines 1-92","Tracked file","Tracked repository content reviewed for scope and release disposition.","Git-tracked at ce41172e2f46f5250d9671e9427936c05fac0fa5; bytes=1454; lines=92; SHA-256 prefix=F0C28478DD400926.","No file-level release defect; material subcomponents are recorded separately.","Governance, evidence, or repository-hygiene relevance reviewed.","None","Retain","B0-03","Tracked repository","Static review completed","Individual file coverage row."
"FILE-0004","File","Repository governance or configuration","AGENTS.md","lines 1-701","Tracked file","Tracked repository content reviewed for scope and release disposition.","Git-tracked at ce41172e2f46f5250d9671e9427936c05fac0fa5; bytes=17957; lines=701; SHA-256 prefix=70B7B116674036FC.","No file-level release defect; material subcomponents are recorded separately.","Governance, evidence, or repository-hygiene relevance reviewed.","None","Retain","B0-03","Tracked repository","Static review completed","Individual file coverage row."
"FILE-0005","File","Documentation","README.md","lines 1-1040","Tracked file","Repository documentation or evidence record.","Git-tracked at ce41172e2f46f5250d9671e9427936c05fac0fa5; bytes=54118; lines=1040; SHA-256 prefix=41BA428E4D87FAC5.","The file is retained now but contains or supports incomplete Phase B behaviour.","Governance, evidence, or repository-hygiene relevance reviewed.","None","Complete Later","B0-03","Tracked repository","Static review completed","Individual file coverage row."
"FILE-0006","File","Repository governance or configuration","backend/.dockerignore","lines 1-46","Tracked file","Tracked repository content reviewed for scope and release disposition.","Git-tracked at ce41172e2f46f5250d9671e9427936c05fac0fa5; bytes=488; lines=46; SHA-256 prefix=C38E4C182334B2DF.","No file-level release defect; material subcomponents are recorded separately.","Security, integrity, or deployment boundary reviewed.","None","Retain","B0-03","Tracked repository","Static review completed","Individual file coverage row."
"FILE-0007","File","Runtime and deployment","backend/.env.example","lines 1-50","Tracked file","Non-secret environment template.","Git-tracked at ce41172e2f46f5250d9671e9427936c05fac0fa5; bytes=1723; lines=50; SHA-256 prefix=99C4AD67426A1464.","No file-level release defect; material subcomponents are recorded separately.","Security, integrity, or deployment boundary reviewed.","None","Retain","B9-01","Tracked repository","Static review completed","Individual file coverage row."
"FILE-0008","File","Runtime and deployment","backend/Dockerfile","lines 1-25","Tracked file","Container build or orchestration configuration.","Git-tracked at ce41172e2f46f5250d9671e9427936c05fac0fa5; bytes=521; lines=25; SHA-256 prefix=BF33D20422463AA8.","No file-level release defect; material subcomponents are recorded separately.","Security, integrity, or deployment boundary reviewed.","None","Retain","B9-01","Tracked repository","Static review completed","Individual file coverage row."
"FILE-0009","File","Runtime and deployment","backend/Dockerfile.prod","lines 1-28","Tracked file","Container build or orchestration configuration.","Git-tracked at ce41172e2f46f5250d9671e9427936c05fac0fa5; bytes=833; lines=28; SHA-256 prefix=C4F785FECD1815DB.","No file-level release defect; material subcomponents are recorded separately.","Security, integrity, or deployment boundary reviewed.","None","Retain","B9-01","Tracked repository","Static review completed","Individual file coverage row."
"FILE-0010","File","Documentation","backend/README.md","lines 1-240","Tracked file","Repository documentation or evidence record.","Git-tracked at ce41172e2f46f5250d9671e9427936c05fac0fa5; bytes=11025; lines=240; SHA-256 prefix=63E721F6C5AD0D62.","No file-level release defect; material subcomponents are recorded separately.","Security, integrity, or deployment boundary reviewed.","None","Retain","B0-03","Tracked repository","Static review completed","Individual file coverage row."
"FILE-0011","File","Repository governance or configuration","backend/alembic.ini","lines 1-41","Tracked file","Tracked repository content reviewed for scope and release disposition.","Git-tracked at ce41172e2f46f5250d9671e9427936c05fac0fa5; bytes=636; lines=41; SHA-256 prefix=B696E398FC603AAF.","No file-level release defect; material subcomponents are recorded separately.","Security, integrity, or deployment boundary reviewed.","None","Retain","B0-03","Tracked repository","Static review completed","Individual file coverage row."
"FILE-0012","File","Repository governance or configuration","backend/alembic/.gitkeep","zero-byte file","Tracked file","Zero-content marker retains a directory in Git.","Git-tracked at ce41172e2f46f5250d9671e9427936c05fac0fa5; bytes=0; lines=0; SHA-256 prefix=E3B0C44298FC1C14.","Redundant, preview-only, or superseded content must not remain in release scope.","Security, integrity, or deployment boundary reviewed.","None","Remove","B1-02","Tracked repository","Static review completed","Individual file coverage row."
"FILE-0013","File","Repository governance or configuration","backend/alembic/env.py","lines 1-71","Tracked file","Tracked repository content reviewed for scope and release disposition.","Git-tracked at ce41172e2f46f5250d9671e9427936c05fac0fa5; bytes=1897; lines=71; SHA-256 prefix=D93524207962C187.","No file-level release defect; material subcomponents are recorded separately.","Security, integrity, or deployment boundary reviewed.","None","Retain","B1-02","Tracked repository","Static review completed","Individual file coverage row."
"FILE-0014","File","Repository governance or configuration","backend/alembic/script.py.mako","lines 1-26","Tracked file","Tracked repository content reviewed for scope and release disposition.","Git-tracked at ce41172e2f46f5250d9671e9427936c05fac0fa5; bytes=597; lines=26; SHA-256 prefix=8A9CE3EE0951EEAC.","No file-level release defect; material subcomponents are recorded separately.","Security, integrity, or deployment boundary reviewed.","None","Retain","B1-02","Tracked repository","Static review completed","Individual file coverage row."
"FILE-0015","File","Committed migration history","backend/alembic/versions/a6c9d4e2f107_add_indicator_ioc_models.py","lines 1-213","Tracked file","Immutable committed Alembic migration evidence.","Git-tracked at ce41172e2f46f5250d9671e9427936c05fac0fa5; bytes=8072; lines=213; SHA-256 prefix=B789BFAB9BA818C0.","No file-level release defect; material subcomponents are recorded separately.","Security, integrity, or deployment boundary reviewed.","None","Retain","B1-02","Tracked repository","Static review completed","Individual file coverage row."
"FILE-0016","File","Committed migration history","backend/alembic/versions/c4e8b2a91d30_add_ioc_publication_relationships.py","lines 1-85","Tracked file","Immutable committed Alembic migration evidence.","Git-tracked at ce41172e2f46f5250d9671e9427936c05fac0fa5; bytes=3074; lines=85; SHA-256 prefix=5BF808AA569EDE43.","No file-level release defect; material subcomponents are recorded separately.","Security, integrity, or deployment boundary reviewed.","None","Retain","B1-02","Tracked repository","Static review completed","Individual file coverage row."
"FILE-0017","File","Committed migration history","backend/alembic/versions/f8d739439ed0_create_initial_schema.py","lines 1-280","Tracked file","Immutable committed Alembic migration evidence.","Git-tracked at ce41172e2f46f5250d9671e9427936c05fac0fa5; bytes=23663; lines=280; SHA-256 prefix=711EC7CB341F46C1.","No file-level release defect; material subcomponents are recorded separately.","Security, integrity, or deployment boundary reviewed.","None","Retain","B1-02","Tracked repository","Static review completed","Individual file coverage row."
"FILE-0018","File","Backend application","backend/app/__init__.py","zero-byte file","Tracked file","Tracked repository content reviewed for scope and release disposition.","Git-tracked at ce41172e2f46f5250d9671e9427936c05fac0fa5; bytes=0; lines=0; SHA-256 prefix=E3B0C44298FC1C14.","No file-level release defect; material subcomponents are recorded separately.","Security, integrity, or deployment boundary reviewed.","None","Retain","B0-03","Tracked repository","Static review completed","Individual file coverage row."
"FILE-0019","File","Backend API","backend/app/api/__init__.py","zero-byte file","Tracked file","Tracked repository content reviewed for scope and release disposition.","Git-tracked at ce41172e2f46f5250d9671e9427936c05fac0fa5; bytes=0; lines=0; SHA-256 prefix=E3B0C44298FC1C14.","No file-level release defect; material subcomponents are recorded separately.","Security, integrity, or deployment boundary reviewed.","None","Retain","B0-03","Tracked repository","Static review completed","Individual file coverage row."
"FILE-0020","File","Backend API","backend/app/api/v1/__init__.py","zero-byte file","Tracked file","Tracked repository content reviewed for scope and release disposition.","Git-tracked at ce41172e2f46f5250d9671e9427936c05fac0fa5; bytes=0; lines=0; SHA-256 prefix=E3B0C44298FC1C14.","No file-level release defect; material subcomponents are recorded separately.","Security, integrity, or deployment boundary reviewed.","None","Retain","B0-03","Tracked repository","Static review completed","Individual file coverage row."
"FILE-0021","File","Backend API","backend/app/api/v1/query_validation.py","lines 1-221","Tracked file","Tracked repository content reviewed for scope and release disposition.","Git-tracked at ce41172e2f46f5250d9671e9427936c05fac0fa5; bytes=6776; lines=221; SHA-256 prefix=30B2536DE900CAEC.","No file-level release defect; material subcomponents are recorded separately.","Security, integrity, or deployment boundary reviewed.","None","Retain","B0-03","Tracked repository","Static review completed","Individual file coverage row."
"FILE-0022","File","Backend API","backend/app/api/v1/routes/.gitkeep","zero-byte file","Tracked file","Zero-content marker retains a directory in Git.","Git-tracked at ce41172e2f46f5250d9671e9427936c05fac0fa5; bytes=0; lines=0; SHA-256 prefix=E3B0C44298FC1C14.","Redundant, preview-only, or superseded content must not remain in release scope.","Security, integrity, or deployment boundary reviewed.","None","Remove","B0-03","Tracked repository","Static review completed","Individual file coverage row."
"FILE-0023","File","Backend API","backend/app/api/v1/routes/__init__.py","zero-byte file","Tracked file","Read-only FastAPI route implementation.","Git-tracked at ce41172e2f46f5250d9671e9427936c05fac0fa5; bytes=0; lines=0; SHA-256 prefix=E3B0C44298FC1C14.","No file-level release defect; material subcomponents are recorded separately.","Security, integrity, or deployment boundary reviewed.","None","Retain","B0-03","Tracked repository","Static review completed","Individual file coverage row."
"FILE-0024","File","Backend API","backend/app/api/v1/routes/articles.py","lines 1-137","Tracked file","Read-only FastAPI route implementation.","Git-tracked at ce41172e2f46f5250d9671e9427936c05fac0fa5; bytes=4594; lines=137; SHA-256 prefix=F5FDE3DFF0D63689.","No file-level release defect; material subcomponents are recorded separately.","Security, integrity, or deployment boundary reviewed.","None","Retain","B0-03","Tracked repository","Static review completed","Individual file coverage row."
"FILE-0025","File","Backend API","backend/app/api/v1/routes/dashboard.py","lines 1-40","Tracked file","Read-only FastAPI route implementation.","Git-tracked at ce41172e2f46f5250d9671e9427936c05fac0fa5; bytes=1410; lines=40; SHA-256 prefix=1CF13B0E2E2D94FF.","No file-level release defect; material subcomponents are recorded separately.","Security, integrity, or deployment boundary reviewed.","None","Retain","B0-03","Tracked repository","Static review completed","Individual file coverage row."
"FILE-0026","File","Backend API","backend/app/api/v1/routes/health.py","lines 1-23","Tracked file","Read-only FastAPI route implementation.","Git-tracked at ce41172e2f46f5250d9671e9427936c05fac0fa5; bytes=722; lines=23; SHA-256 prefix=87574C80FF2120FB.","No file-level release defect; material subcomponents are recorded separately.","Security, integrity, or deployment boundary reviewed.","None","Retain","B0-03","Tracked repository","Static review completed","Individual file coverage row."
"FILE-0027","File","Backend API","backend/app/api/v1/routes/intelligence.py","lines 1-153","Tracked file","Read-only FastAPI route implementation.","Git-tracked at ce41172e2f46f5250d9671e9427936c05fac0fa5; bytes=5190; lines=153; SHA-256 prefix=AAC24612E075B008.","No file-level release defect; material subcomponents are recorded separately.","Security, integrity, or deployment boundary reviewed.","None","Retain","B0-03","Tracked repository","Static review completed","Individual file coverage row."
"FILE-0028","File","Backend API","backend/app/api/v1/routes/version.py","lines 1-29","Tracked file","Read-only FastAPI route implementation.","Git-tracked at ce41172e2f46f5250d9671e9427936c05fac0fa5; bytes=724; lines=29; SHA-256 prefix=A72434A60B2551F0.","No file-level release defect; material subcomponents are recorded separately.","Security, integrity, or deployment boundary reviewed.","None","Retain","B0-03","Tracked repository","Static review completed","Individual file coverage row."
"FILE-0029","File","Backend API","backend/app/api/v1/schemas/__init__.py","lines 1-2","Tracked file","Tracked repository content reviewed for scope and release disposition.","Git-tracked at ce41172e2f46f5250d9671e9427936c05fac0fa5; bytes=55; lines=2; SHA-256 prefix=72A74CACC2B1CFC2.","No file-level release defect; material subcomponents are recorded separately.","Security, integrity, or deployment boundary reviewed.","None","Retain","B0-03","Tracked repository","Static review completed","Individual file coverage row."
"FILE-0030","File","Backend API","backend/app/api/v1/schemas/articles.py","lines 1-35","Tracked file","Tracked repository content reviewed for scope and release disposition.","Git-tracked at ce41172e2f46f5250d9671e9427936c05fac0fa5; bytes=852; lines=35; SHA-256 prefix=D0B2AD9CC3BF591C.","No file-level release defect; material subcomponents are recorded separately.","Security, integrity, or deployment boundary reviewed.","None","Retain","B0-03","Tracked repository","Static review completed","Individual file coverage row."
"FILE-0031","File","Backend API","backend/app/api/v1/schemas/dashboard.py","lines 1-82","Tracked file","Tracked repository content reviewed for scope and release disposition.","Git-tracked at ce41172e2f46f5250d9671e9427936c05fac0fa5; bytes=2439; lines=82; SHA-256 prefix=81D44D54DA151202.","No file-level release defect; material subcomponents are recorded separately.","Security, integrity, or deployment boundary reviewed.","None","Retain","B0-03","Tracked repository","Static review completed","Individual file coverage row."
"FILE-0032","File","Backend API","backend/app/api/v1/schemas/intelligence.py","lines 1-51","Tracked file","Tracked repository content reviewed for scope and release disposition.","Git-tracked at ce41172e2f46f5250d9671e9427936c05fac0fa5; bytes=1407; lines=51; SHA-256 prefix=803D7E239344745A.","No file-level release defect; material subcomponents are recorded separately.","Security, integrity, or deployment boundary reviewed.","None","Retain","B0-03","Tracked repository","Static review completed","Individual file coverage row."
"FILE-0033","File","Backend application","backend/app/core/config.py","lines 1-310","Tracked file","Tracked repository content reviewed for scope and release disposition.","Git-tracked at ce41172e2f46f5250d9671e9427936c05fac0fa5; bytes=10641; lines=310; SHA-256 prefix=C8B81429314656E3.","No file-level release defect; material subcomponents are recorded separately.","Security, integrity, or deployment boundary reviewed.","None","Retain","B0-03","Tracked repository","Static review completed","Individual file coverage row."
"FILE-0034","File","Backend application","backend/app/core/logging_config.py","lines 1-71","Tracked file","Tracked repository content reviewed for scope and release disposition.","Git-tracked at ce41172e2f46f5250d9671e9427936c05fac0fa5; bytes=2216; lines=71; SHA-256 prefix=5C68677D8E68D9D6.","No file-level release defect; material subcomponents are recorded separately.","Security, integrity, or deployment boundary reviewed.","None","Retain","B0-03","Tracked repository","Static review completed","Individual file coverage row."
"FILE-0035","File","Backend application","backend/app/core/request_context.py","lines 1-138","Tracked file","Tracked repository content reviewed for scope and release disposition.","Git-tracked at ce41172e2f46f5250d9671e9427936c05fac0fa5; bytes=4510; lines=138; SHA-256 prefix=E04C1957B86FDA8F.","No file-level release defect; material subcomponents are recorded separately.","Security, integrity, or deployment boundary reviewed.","None","Retain","B0-03","Tracked repository","Static review completed","Individual file coverage row."
"FILE-0036","File","Backend application","backend/app/core/security_headers.py","lines 1-44","Tracked file","Tracked repository content reviewed for scope and release disposition.","Git-tracked at ce41172e2f46f5250d9671e9427936c05fac0fa5; bytes=1558; lines=44; SHA-256 prefix=775921DF9BBCC3A5.","No file-level release defect; material subcomponents are recorded separately.","Security, integrity, or deployment boundary reviewed.","None","Retain","B0-03","Tracked repository","Static review completed","Individual file coverage row."
"FILE-0037","File","Backend application","backend/app/db/base.py","lines 1-24","Tracked file","Tracked repository content reviewed for scope and release disposition.","Git-tracked at ce41172e2f46f5250d9671e9427936c05fac0fa5; bytes=605; lines=24; SHA-256 prefix=DCD001B3BAD54E5A.","No file-level release defect; material subcomponents are recorded separately.","Security, integrity, or deployment boundary reviewed.","None","Retain","B0-03","Tracked repository","Static review completed","Individual file coverage row."
"FILE-0038","File","Backend application","backend/app/db/session.py","lines 1-70","Tracked file","Tracked repository content reviewed for scope and release disposition.","Git-tracked at ce41172e2f46f5250d9671e9427936c05fac0fa5; bytes=1687; lines=70; SHA-256 prefix=F4884498F3F364CF.","No file-level release defect; material subcomponents are recorded separately.","Security, integrity, or deployment boundary reviewed.","None","Retain","B0-03","Tracked repository","Static review completed","Individual file coverage row."
"FILE-0039","File","Backend application","backend/app/dev_data/__init__.py","lines 1-1","Tracked file","Tracked repository content reviewed for scope and release disposition.","Git-tracked at ce41172e2f46f5250d9671e9427936c05fac0fa5; bytes=57; lines=1; SHA-256 prefix=4FA822A8BEFAE2B3.","No file-level release defect; material subcomponents are recorded separately.","Security, integrity, or deployment boundary reviewed.","None","Retain","B0-03","Tracked repository","Static review completed","Individual file coverage row."
"FILE-0040","File","Backend application","backend/app/dev_data/cli.py","lines 1-88","Tracked file","Tracked repository content reviewed for scope and release disposition.","Git-tracked at ce41172e2f46f5250d9671e9427936c05fac0fa5; bytes=2630; lines=88; SHA-256 prefix=61EA08F5D1AE1F6A.","No file-level release defect; material subcomponents are recorded separately.","Security, integrity, or deployment boundary reviewed.","None","Retain","B0-03","Tracked repository","Static review completed","Individual file coverage row."
"FILE-0041","File","Backend application","backend/app/dev_data/dataset.py","lines 1-765","Tracked file","Tracked repository content reviewed for scope and release disposition.","Git-tracked at ce41172e2f46f5250d9671e9427936c05fac0fa5; bytes=27976; lines=765; SHA-256 prefix=FC2FFFAAD301D722.","No file-level release defect; material subcomponents are recorded separately.","Security, integrity, or deployment boundary reviewed.","None","Retain","B0-03","Tracked repository","Static review completed","Individual file coverage row."
"FILE-0042","File","Backend application","backend/app/dev_data/seed_service.py","lines 1-455","Tracked file","Tracked repository content reviewed for scope and release disposition.","Git-tracked at ce41172e2f46f5250d9671e9427936c05fac0fa5; bytes=16673; lines=455; SHA-256 prefix=DF2FE9E7AD78424E.","No file-level release defect; material subcomponents are recorded separately.","Security, integrity, or deployment boundary reviewed.","None","Retain","B0-03","Tracked repository","Static review completed","Individual file coverage row."
"FILE-0043","File","Backend application","backend/app/indicators/__init__.py","lines 1-23","Tracked file","Tracked repository content reviewed for scope and release disposition.","Git-tracked at ce41172e2f46f5250d9671e9427936c05fac0fa5; bytes=541; lines=23; SHA-256 prefix=7EF0C320D6D71226.","No file-level release defect; material subcomponents are recorded separately.","Security, integrity, or deployment boundary reviewed.","None","Retain","B0-03","Tracked repository","Static review completed","Individual file coverage row."
"FILE-0044","File","Backend application","backend/app/indicators/text_extraction.py","lines 1-575","Tracked file","Tracked repository content reviewed for scope and release disposition.","Git-tracked at ce41172e2f46f5250d9671e9427936c05fac0fa5; bytes=18273; lines=575; SHA-256 prefix=03726BCEA9D1A81D.","No file-level release defect; material subcomponents are recorded separately.","Security, integrity, or deployment boundary reviewed.","None","Retain","B0-03","Tracked repository","Static review completed","Individual file coverage row."
"FILE-0045","File","Backend application","backend/app/indicators/value_normalization.py","lines 1-240","Tracked file","Tracked repository content reviewed for scope and release disposition.","Git-tracked at ce41172e2f46f5250d9671e9427936c05fac0fa5; bytes=8396; lines=240; SHA-256 prefix=66C4F5110763BA63.","No file-level release defect; material subcomponents are recorded separately.","Security, integrity, or deployment boundary reviewed.","None","Retain","B0-03","Tracked repository","Static review completed","Individual file coverage row."
"FILE-0046","File","Ingestion","backend/app/ingestion/__init__.py","lines 1-1","Tracked file","Tracked repository content reviewed for scope and release disposition.","Git-tracked at ce41172e2f46f5250d9671e9427936c05fac0fa5; bytes=59; lines=1; SHA-256 prefix=7B3F5DF32A281D90.","No file-level release defect; material subcomponents are recorded separately.","Security, integrity, or deployment boundary reviewed.","None","Retain","B0-03","Tracked repository","Static review completed","Individual file coverage row."
"FILE-0047","File","Ingestion","backend/app/ingestion/adapters/__init__.py","lines 1-1","Tracked file","Allow-listed normalization adapter.","Git-tracked at ce41172e2f46f5250d9671e9427936c05fac0fa5; bytes=76; lines=1; SHA-256 prefix=FEC836AF6092585C.","No file-level release defect; material subcomponents are recorded separately.","Security, integrity, or deployment boundary reviewed.","None","Retain","B0-03","Tracked repository","Static review completed","Individual file coverage row."
"FILE-0048","File","Ingestion","backend/app/ingestion/adapters/anomali_publications.py","lines 1-623","Tracked file","Allow-listed normalization adapter.","Git-tracked at ce41172e2f46f5250d9671e9427936c05fac0fa5; bytes=21710; lines=623; SHA-256 prefix=9D265891A37C3BDC.","No file-level release defect; material subcomponents are recorded separately.","Security, integrity, or deployment boundary reviewed.","None","Retain","B0-03","Tracked repository","Static review completed","Individual file coverage row."
"FILE-0049","File","Ingestion","backend/app/ingestion/adapters/censys_publications.py","lines 1-556","Tracked file","Allow-listed normalization adapter.","Git-tracked at ce41172e2f46f5250d9671e9427936c05fac0fa5; bytes=19318; lines=556; SHA-256 prefix=A92811A8AEF2FD96.","No file-level release defect; material subcomponents are recorded separately.","Security, integrity, or deployment boundary reviewed.","None","Retain","B0-03","Tracked repository","Static review completed","Individual file coverage row."
"FILE-0050","File","Ingestion","backend/app/ingestion/adapters/google_threat_publications.py","lines 1-681","Tracked file","Allow-listed normalization adapter.","Git-tracked at ce41172e2f46f5250d9671e9427936c05fac0fa5; bytes=24342; lines=681; SHA-256 prefix=BF3AD56454F38EC3.","No file-level release defect; material subcomponents are recorded separately.","Security, integrity, or deployment boundary reviewed.","None","Retain","B0-03","Tracked repository","Static review completed","Individual file coverage row."
"FILE-0051","File","Ingestion","backend/app/ingestion/adapters/ibm_x_force_publications.py","lines 1-752","Tracked file","Allow-listed normalization adapter.","Git-tracked at ce41172e2f46f5250d9671e9427936c05fac0fa5; bytes=26595; lines=752; SHA-256 prefix=0625882F8413FCB7.","No file-level release defect; material subcomponents are recorded separately.","Security, integrity, or deployment boundary reviewed.","None","Retain","B0-03","Tracked repository","Static review completed","Individual file coverage row."
"FILE-0052","File","Ingestion","backend/app/ingestion/anomali_publications_cli.py","lines 1-422","Tracked file","Explicit manual CLI; not connected to startup or a scheduler.","Git-tracked at ce41172e2f46f5250d9671e9427936c05fac0fa5; bytes=13452; lines=422; SHA-256 prefix=93942B693CCC5256.","No file-level release defect; material subcomponents are recorded separately.","Security, integrity, or deployment boundary reviewed.","None","Retain","B0-03","Tracked repository","Static review completed","Individual file coverage row."
"FILE-0053","File","Ingestion","backend/app/ingestion/anomali_publications_live_cli.py","lines 1-417","Tracked file","Explicit manual CLI; not connected to startup or a scheduler.","Git-tracked at ce41172e2f46f5250d9671e9427936c05fac0fa5; bytes=14512; lines=417; SHA-256 prefix=51D1DF23419630B4.","No file-level release defect; material subcomponents are recorded separately.","Security, integrity, or deployment boundary reviewed.","None","Retain","B0-03","Tracked repository","Static review completed","Individual file coverage row."
"FILE-0054","File","Ingestion","backend/app/ingestion/censys_publications_cli.py","lines 1-208","Tracked file","Explicit manual CLI; not connected to startup or a scheduler.","Git-tracked at ce41172e2f46f5250d9671e9427936c05fac0fa5; bytes=6959; lines=208; SHA-256 prefix=24FD83EF2A2B17B8.","No file-level release defect; material subcomponents are recorded separately.","Security, integrity, or deployment boundary reviewed.","None","Retain","B0-03","Tracked repository","Static review completed","Individual file coverage row."
"FILE-0055","File","Ingestion","backend/app/ingestion/censys_publications_live_cli.py","lines 1-355","Tracked file","Explicit manual CLI; not connected to startup or a scheduler.","Git-tracked at ce41172e2f46f5250d9671e9427936c05fac0fa5; bytes=12111; lines=355; SHA-256 prefix=483488DB54425610.","No file-level release defect; material subcomponents are recorded separately.","Security, integrity, or deployment boundary reviewed.","None","Retain","B0-03","Tracked repository","Static review completed","Individual file coverage row."
"FILE-0056","File","Ingestion","backend/app/ingestion/cisa_kev_cli.py","lines 1-498","Tracked file","Explicit manual CLI; not connected to startup or a scheduler.","Git-tracked at ce41172e2f46f5250d9671e9427936c05fac0fa5; bytes=16149; lines=498; SHA-256 prefix=4A0C4EE6952F94A5.","No file-level release defect; material subcomponents are recorded separately.","Security, integrity, or deployment boundary reviewed.","None","Retain","B0-03","Tracked repository","Static review completed","Individual file coverage row."
"FILE-0057","File","Ingestion","backend/app/ingestion/cisa_kev_reconcile_cli.py","lines 1-521","Tracked file","Explicit manual CLI; not connected to startup or a scheduler.","Git-tracked at ce41172e2f46f5250d9671e9427936c05fac0fa5; bytes=17878; lines=521; SHA-256 prefix=9924DE128EF8751F.","No file-level release defect; material subcomponents are recorded separately.","Security, integrity, or deployment boundary reviewed.","None","Retain","B0-03","Tracked repository","Static review completed","Individual file coverage row."
"FILE-0058","File","Ingestion","backend/app/ingestion/collectors/.gitkeep","zero-byte file","Tracked file","Zero-content marker retains a directory in Git.","Git-tracked at ce41172e2f46f5250d9671e9427936c05fac0fa5; bytes=0; lines=0; SHA-256 prefix=E3B0C44298FC1C14.","Redundant, preview-only, or superseded content must not remain in release scope.","Security, integrity, or deployment boundary reviewed.","None","Remove","B0-03","Tracked repository","Static review completed","Individual file coverage row."
"FILE-0059","File","Ingestion","backend/app/ingestion/collectors/__init__.py","lines 1-1","Tracked file","Bounded external-source client or collector implementation.","Git-tracked at ce41172e2f46f5250d9671e9427936c05fac0fa5; bytes=71; lines=1; SHA-256 prefix=6F0629F1A469D447.","No file-level release defect; material subcomponents are recorded separately.","Security, integrity, or deployment boundary reviewed.","None","Retain","B0-03","Tracked repository","Static review completed","Individual file coverage row."
"FILE-0060","File","Ingestion","backend/app/ingestion/collectors/anomali_publications_client.py","lines 1-1632","Tracked file","Bounded external-source client or collector implementation.","Git-tracked at ce41172e2f46f5250d9671e9427936c05fac0fa5; bytes=57785; lines=1632; SHA-256 prefix=D5E623BFFF9E8FE4.","No file-level release defect; material subcomponents are recorded separately.","Security, integrity, or deployment boundary reviewed.","None","Retain","B0-03","Tracked repository","Static review completed","Individual file coverage row."
"FILE-0061","File","Ingestion","backend/app/ingestion/collectors/censys_publications_client.py","lines 1-1225","Tracked file","Bounded external-source client or collector implementation.","Git-tracked at ce41172e2f46f5250d9671e9427936c05fac0fa5; bytes=44110; lines=1225; SHA-256 prefix=63601C908B7B498B.","No file-level release defect; material subcomponents are recorded separately.","Security, integrity, or deployment boundary reviewed.","None","Retain","B0-03","Tracked repository","Static review completed","Individual file coverage row."
"FILE-0062","File","Ingestion","backend/app/ingestion/collectors/cisa_kev_client.py","lines 1-240","Tracked file","Bounded external-source client or collector implementation.","Git-tracked at ce41172e2f46f5250d9671e9427936c05fac0fa5; bytes=9019; lines=240; SHA-256 prefix=9E0E5BC16861A63C.","No file-level release defect; material subcomponents are recorded separately.","Security, integrity, or deployment boundary reviewed.","None","Retain","B0-03","Tracked repository","Static review completed","Individual file coverage row."
"FILE-0063","File","Ingestion","backend/app/ingestion/collectors/epss_client.py","lines 1-176","Tracked file","Bounded external-source client or collector implementation.","Git-tracked at ce41172e2f46f5250d9671e9427936c05fac0fa5; bytes=6298; lines=176; SHA-256 prefix=145070947EA62C49.","No file-level release defect; material subcomponents are recorded separately.","Security, integrity, or deployment boundary reviewed.","None","Retain","B0-03","Tracked repository","Static review completed","Individual file coverage row."
"FILE-0064","File","Ingestion","backend/app/ingestion/collectors/google_threat_intelligence_rss_client.py","lines 1-240","Tracked file","Bounded external-source client or collector implementation.","Git-tracked at ce41172e2f46f5250d9671e9427936c05fac0fa5; bytes=9143; lines=240; SHA-256 prefix=AD1199BF35471C51.","No file-level release defect; material subcomponents are recorded separately.","Security, integrity, or deployment boundary reviewed.","None","Retain","B0-03","Tracked repository","Static review completed","Individual file coverage row."
"FILE-0065","File","Ingestion","backend/app/ingestion/collectors/nvd_client.py","lines 1-344","Tracked file","Bounded external-source client or collector implementation.","Git-tracked at ce41172e2f46f5250d9671e9427936c05fac0fa5; bytes=12638; lines=344; SHA-256 prefix=0AE8232DADEECB2C.","No file-level release defect; material subcomponents are recorded separately.","Security, integrity, or deployment boundary reviewed.","None","Retain","B0-03","Tracked repository","Static review completed","Individual file coverage row."
"FILE-0066","File","Ingestion","backend/app/ingestion/collectors/nvd_smoke_test.py","lines 1-179","Tracked file","Bounded external-source client or collector implementation.","Git-tracked at ce41172e2f46f5250d9671e9427936c05fac0fa5; bytes=5682; lines=179; SHA-256 prefix=1F6F5D608DCE43EC.","No file-level release defect; material subcomponents are recorded separately.","Security, integrity, or deployment boundary reviewed.","None","Retain","B0-03","Tracked repository","Static review completed","Individual file coverage row."
"FILE-0067","File","Ingestion","backend/app/ingestion/collectors/rss_client.py","lines 1-218","Tracked file","Bounded external-source client or collector implementation.","Git-tracked at ce41172e2f46f5250d9671e9427936c05fac0fa5; bytes=8061; lines=218; SHA-256 prefix=32D2D24A9B1D997C.","No file-level release defect; material subcomponents are recorded separately.","Security, integrity, or deployment boundary reviewed.","None","Retain","B0-03","Tracked repository","Static review completed","Individual file coverage row."
"FILE-0068","File","Ingestion","backend/app/ingestion/epss_cli.py","lines 1-521","Tracked file","Explicit manual CLI; not connected to startup or a scheduler.","Git-tracked at ce41172e2f46f5250d9671e9427936c05fac0fa5; bytes=16660; lines=521; SHA-256 prefix=92043242269528A1.","No file-level release defect; material subcomponents are recorded separately.","Security, integrity, or deployment boundary reviewed.","None","Retain","B0-03","Tracked repository","Static review completed","Individual file coverage row."
"FILE-0069","File","Ingestion","backend/app/ingestion/google_threat_publications_cli.py","lines 1-524","Tracked file","Explicit manual CLI; not connected to startup or a scheduler.","Git-tracked at ce41172e2f46f5250d9671e9427936c05fac0fa5; bytes=17801; lines=524; SHA-256 prefix=5402B8262F21FFB5.","No file-level release defect; material subcomponents are recorded separately.","Security, integrity, or deployment boundary reviewed.","None","Retain","B0-03","Tracked repository","Static review completed","Individual file coverage row."
"FILE-0070","File","Ingestion","backend/app/ingestion/ibm_x_force_publications_cli.py","lines 1-429","Tracked file","Explicit manual CLI; not connected to startup or a scheduler.","Git-tracked at ce41172e2f46f5250d9671e9427936c05fac0fa5; bytes=13803; lines=429; SHA-256 prefix=54260D3A8F886AFE.","No file-level release defect; material subcomponents are recorded separately.","Security, integrity, or deployment boundary reviewed.","None","Retain","B0-03","Tracked repository","Static review completed","Individual file coverage row."
"FILE-0071","File","Ingestion","backend/app/ingestion/jobs/.gitkeep","zero-byte file","Tracked file","Zero-content marker retains a directory in Git.","Git-tracked at ce41172e2f46f5250d9671e9427936c05fac0fa5; bytes=0; lines=0; SHA-256 prefix=E3B0C44298FC1C14.","The file is retained now but contains or supports incomplete Phase B behaviour.","Security, integrity, or deployment boundary reviewed.","None","Complete Later","B2-01","Tracked repository","Static review completed","Individual file coverage row."
"FILE-0072","File","Ingestion","backend/app/ingestion/normalizers/__init__.py","lines 1-16","Tracked file","Tracked repository content reviewed for scope and release disposition.","Git-tracked at ce41172e2f46f5250d9671e9427936c05fac0fa5; bytes=354; lines=16; SHA-256 prefix=4326789500CC0F07.","No file-level release defect; material subcomponents are recorded separately.","Security, integrity, or deployment boundary reviewed.","None","Retain","B0-03","Tracked repository","Static review completed","Individual file coverage row."
"FILE-0073","File","Ingestion","backend/app/ingestion/normalizers/cisa_kev.py","lines 1-200","Tracked file","Tracked repository content reviewed for scope and release disposition.","Git-tracked at ce41172e2f46f5250d9671e9427936c05fac0fa5; bytes=6999; lines=200; SHA-256 prefix=667D70C92FBFC31D.","No file-level release defect; material subcomponents are recorded separately.","Security, integrity, or deployment boundary reviewed.","None","Retain","B0-03","Tracked repository","Static review completed","Individual file coverage row."
"FILE-0074","File","Ingestion","backend/app/ingestion/normalizers/epss.py","lines 1-121","Tracked file","Tracked repository content reviewed for scope and release disposition.","Git-tracked at ce41172e2f46f5250d9671e9427936c05fac0fa5; bytes=4064; lines=121; SHA-256 prefix=941660FEB5DB1554.","No file-level release defect; material subcomponents are recorded separately.","Security, integrity, or deployment boundary reviewed.","None","Retain","B0-03","Tracked repository","Static review completed","Individual file coverage row."
"FILE-0075","File","Ingestion","backend/app/ingestion/normalizers/nvd.py","lines 1-295","Tracked file","Tracked repository content reviewed for scope and release disposition.","Git-tracked at ce41172e2f46f5250d9671e9427936c05fac0fa5; bytes=10195; lines=295; SHA-256 prefix=19BBB68C6581D6A7.","No file-level release defect; material subcomponents are recorded separately.","Security, integrity, or deployment boundary reviewed.","None","Retain","B0-03","Tracked repository","Static review completed","Individual file coverage row."
"FILE-0076","File","Ingestion","backend/app/ingestion/normalizers/rss.py","lines 1-316","Tracked file","Tracked repository content reviewed for scope and release disposition.","Git-tracked at ce41172e2f46f5250d9671e9427936c05fac0fa5; bytes=11700; lines=316; SHA-256 prefix=08CBD4FAB1211A9A.","No file-level release defect; material subcomponents are recorded separately.","Security, integrity, or deployment boundary reviewed.","None","Retain","B0-03","Tracked repository","Static review completed","Individual file coverage row."
"FILE-0077","File","Ingestion","backend/app/ingestion/nvd_cli.py","lines 1-416","Tracked file","Explicit manual CLI; not connected to startup or a scheduler.","Git-tracked at ce41172e2f46f5250d9671e9427936c05fac0fa5; bytes=14151; lines=416; SHA-256 prefix=E895FBA2B38AD743.","No file-level release defect; material subcomponents are recorded separately.","Security, integrity, or deployment boundary reviewed.","None","Retain","B0-03","Tracked repository","Static review completed","Individual file coverage row."
"FILE-0078","File","Ingestion","backend/app/ingestion/nvd_curated_cli.py","lines 1-1029","Tracked file","Explicit manual CLI; not connected to startup or a scheduler.","Git-tracked at ce41172e2f46f5250d9671e9427936c05fac0fa5; bytes=34602; lines=1029; SHA-256 prefix=2878DA6F617B0F01.","No file-level release defect; material subcomponents are recorded separately.","Security, integrity, or deployment boundary reviewed.","None","Retain","B0-03","Tracked repository","Static review completed","Individual file coverage row."
"FILE-0079","File","Ingestion","backend/app/ingestion/publication_pipeline.py","lines 1-989","Tracked file","Tracked repository content reviewed for scope and release disposition.","Git-tracked at ce41172e2f46f5250d9671e9427936c05fac0fa5; bytes=36504; lines=989; SHA-256 prefix=08D97683AFA653D5.","No file-level release defect; material subcomponents are recorded separately.","Security, integrity, or deployment boundary reviewed.","None","Retain","B0-03","Tracked repository","Static review completed","Individual file coverage row."
"FILE-0080","File","Ingestion","backend/app/ingestion/rss_cli.py","lines 1-481","Tracked file","Explicit manual CLI; not connected to startup or a scheduler.","Git-tracked at ce41172e2f46f5250d9671e9427936c05fac0fa5; bytes=15094; lines=481; SHA-256 prefix=251F56B6573D5AD2.","No file-level release defect; material subcomponents are recorded separately.","Security, integrity, or deployment boundary reviewed.","None","Retain","B0-03","Tracked repository","Static review completed","Individual file coverage row."
"FILE-0081","File","Ingestion","backend/app/ingestion/services/__init__.py","lines 1-14","Tracked file","Tracked repository content reviewed for scope and release disposition.","Git-tracked at ce41172e2f46f5250d9671e9427936c05fac0fa5; bytes=316; lines=14; SHA-256 prefix=692CECB94B2D0C6E.","No file-level release defect; material subcomponents are recorded separately.","Security, integrity, or deployment boundary reviewed.","None","Retain","B0-03","Tracked repository","Static review completed","Individual file coverage row."
"FILE-0082","File","Ingestion","backend/app/ingestion/services/anomali_publications_ingestion_service.py","lines 1-560","Tracked file","Tracked repository content reviewed for scope and release disposition.","Git-tracked at ce41172e2f46f5250d9671e9427936c05fac0fa5; bytes=19474; lines=560; SHA-256 prefix=6E322D3A9AE36F86.","No file-level release defect; material subcomponents are recorded separately.","Security, integrity, or deployment boundary reviewed.","None","Retain","B0-03","Tracked repository","Static review completed","Individual file coverage row."
"FILE-0083","File","Ingestion","backend/app/ingestion/services/article_identity_service.py","lines 1-357","Tracked file","Tracked repository content reviewed for scope and release disposition.","Git-tracked at ce41172e2f46f5250d9671e9427936c05fac0fa5; bytes=13164; lines=357; SHA-256 prefix=A9FF88F19C5E90DC.","No file-level release defect; material subcomponents are recorded separately.","Security, integrity, or deployment boundary reviewed.","None","Retain","B0-03","Tracked repository","Static review completed","Individual file coverage row."
"FILE-0084","File","Ingestion","backend/app/ingestion/services/censys_publications_ingestion_service.py","lines 1-564","Tracked file","Tracked repository content reviewed for scope and release disposition.","Git-tracked at ce41172e2f46f5250d9671e9427936c05fac0fa5; bytes=19465; lines=564; SHA-256 prefix=D4E7CF2ABC9E196C.","No file-level release defect; material subcomponents are recorded separately.","Security, integrity, or deployment boundary reviewed.","None","Retain","B0-03","Tracked repository","Static review completed","Individual file coverage row."
"FILE-0085","File","Ingestion","backend/app/ingestion/services/cisa_kev_ingestion_service.py","lines 1-302","Tracked file","Tracked repository content reviewed for scope and release disposition.","Git-tracked at ce41172e2f46f5250d9671e9427936c05fac0fa5; bytes=11920; lines=302; SHA-256 prefix=2373378E5E5DFC9D.","No file-level release defect; material subcomponents are recorded separately.","Security, integrity, or deployment boundary reviewed.","None","Retain","B0-03","Tracked repository","Static review completed","Individual file coverage row."
"FILE-0086","File","Ingestion","backend/app/ingestion/services/cisa_kev_reconciliation_service.py","lines 1-405","Tracked file","Tracked repository content reviewed for scope and release disposition.","Git-tracked at ce41172e2f46f5250d9671e9427936c05fac0fa5; bytes=14892; lines=405; SHA-256 prefix=8A3497F1F35EFDFC.","No file-level release defect; material subcomponents are recorded separately.","Security, integrity, or deployment boundary reviewed.","None","Retain","B0-03","Tracked repository","Static review completed","Individual file coverage row."
"FILE-0087","File","Ingestion","backend/app/ingestion/services/epss_enrichment_service.py","lines 1-296","Tracked file","Tracked repository content reviewed for scope and release disposition.","Git-tracked at ce41172e2f46f5250d9671e9427936c05fac0fa5; bytes=11400; lines=296; SHA-256 prefix=7CA2F36FF080FA51.","No file-level release defect; material subcomponents are recorded separately.","Security, integrity, or deployment boundary reviewed.","None","Retain","B0-03","Tracked repository","Static review completed","Individual file coverage row."
"FILE-0088","File","Ingestion","backend/app/ingestion/services/nvd_ingestion_service.py","lines 1-395","Tracked file","Tracked repository content reviewed for scope and release disposition.","Git-tracked at ce41172e2f46f5250d9671e9427936c05fac0fa5; bytes=15313; lines=395; SHA-256 prefix=1D579927B8ED38D6.","No file-level release defect; material subcomponents are recorded separately.","Security, integrity, or deployment boundary reviewed.","None","Retain","B0-03","Tracked repository","Static review completed","Individual file coverage row."
"FILE-0089","File","Ingestion","backend/app/ingestion/services/rss_ingestion_service.py","lines 1-123","Tracked file","Tracked repository content reviewed for scope and release disposition.","Git-tracked at ce41172e2f46f5250d9671e9427936c05fac0fa5; bytes=4526; lines=123; SHA-256 prefix=757FE5408FE34351.","No file-level release defect; material subcomponents are recorded separately.","Security, integrity, or deployment boundary reviewed.","None","Retain","B0-03","Tracked repository","Static review completed","Individual file coverage row."
"FILE-0090","File","Ingestion","backend/app/ingestion/source_registry.py","lines 1-559","Tracked file","Tracked repository content reviewed for scope and release disposition.","Git-tracked at ce41172e2f46f5250d9671e9427936c05fac0fa5; bytes=22042; lines=559; SHA-256 prefix=E08DD87A0BFEEF28.","No file-level release defect; material subcomponents are recorded separately.","Security, integrity, or deployment boundary reviewed.","None","Retain","B0-03","Tracked repository","Static review completed","Individual file coverage row."
"FILE-0091","File","Ingestion","backend/app/ingestion/stix_taxii/__init__.py","lines 1-101","Tracked file","Tracked repository content reviewed for scope and release disposition.","Git-tracked at ce41172e2f46f5250d9671e9427936c05fac0fa5; bytes=3017; lines=101; SHA-256 prefix=5745E279260896A8.","No file-level release defect; material subcomponents are recorded separately.","Security, integrity, or deployment boundary reviewed.","None","Retain","B0-03","Tracked repository","Static review completed","Individual file coverage row."
"FILE-0092","File","Ingestion","backend/app/ingestion/stix_taxii/bounded_json.py","lines 1-365","Tracked file","Tracked repository content reviewed for scope and release disposition.","Git-tracked at ce41172e2f46f5250d9671e9427936c05fac0fa5; bytes=14119; lines=365; SHA-256 prefix=88FB575F1FA243A4.","No file-level release defect; material subcomponents are recorded separately.","Security, integrity, or deployment boundary reviewed.","None","Retain","B0-03","Tracked repository","Static review completed","Individual file coverage row."
"FILE-0093","File","Ingestion","backend/app/ingestion/stix_taxii/import_service.py","lines 1-668","Tracked file","Tracked repository content reviewed for scope and release disposition.","Git-tracked at ce41172e2f46f5250d9671e9427936c05fac0fa5; bytes=26470; lines=668; SHA-256 prefix=789F8FEBCECA1498.","No file-level release defect; material subcomponents are recorded separately.","Security, integrity, or deployment boundary reviewed.","None","Retain","B0-03","Tracked repository","Static review completed","Individual file coverage row."
"FILE-0094","File","Ingestion","backend/app/ingestion/stix_taxii/object_mapping.py","lines 1-268","Tracked file","Tracked repository content reviewed for scope and release disposition.","Git-tracked at ce41172e2f46f5250d9671e9427936c05fac0fa5; bytes=8949; lines=268; SHA-256 prefix=76343948D3509D68.","No file-level release defect; material subcomponents are recorded separately.","Security, integrity, or deployment boundary reviewed.","None","Retain","B0-03","Tracked repository","Static review completed","Individual file coverage row."
"FILE-0095","File","Ingestion","backend/app/ingestion/stix_taxii/policy.py","lines 1-445","Tracked file","Tracked repository content reviewed for scope and release disposition.","Git-tracked at ce41172e2f46f5250d9671e9427936c05fac0fa5; bytes=16764; lines=445; SHA-256 prefix=C1B87FF582AA10A6.","No file-level release defect; material subcomponents are recorded separately.","Security, integrity, or deployment boundary reviewed.","None","Retain","B0-03","Tracked repository","Static review completed","Individual file coverage row."
"FILE-0096","File","Ingestion","backend/app/ingestion/stix_taxii/stix_validation.py","lines 1-1204","Tracked file","Tracked repository content reviewed for scope and release disposition.","Git-tracked at ce41172e2f46f5250d9671e9427936c05fac0fa5; bytes=50671; lines=1204; SHA-256 prefix=FA37EDA6A3082E45.","No file-level release defect; material subcomponents are recorded separately.","Security, integrity, or deployment boundary reviewed.","None","Retain","B0-03","Tracked repository","Static review completed","Individual file coverage row."
"FILE-0097","File","Ingestion","backend/app/ingestion/stix_taxii/taxii_client.py","lines 1-739","Tracked file","Tracked repository content reviewed for scope and release disposition.","Git-tracked at ce41172e2f46f5250d9671e9427936c05fac0fa5; bytes=28000; lines=739; SHA-256 prefix=DCEF52BA3156E657.","No file-level release defect; material subcomponents are recorded separately.","Security, integrity, or deployment boundary reviewed.","None","Retain","B0-03","Tracked repository","Static review completed","Individual file coverage row."
"FILE-0098","File","Backend API","backend/app/main.py","lines 1-96","Tracked file","Tracked repository content reviewed for scope and release disposition.","Git-tracked at ce41172e2f46f5250d9671e9427936c05fac0fa5; bytes=3248; lines=96; SHA-256 prefix=3115500EF90BB802.","No file-level release defect; material subcomponents are recorded separately.","Security, integrity, or deployment boundary reviewed.","None","Retain","B0-03","Tracked repository","Static review completed","Individual file coverage row."
"FILE-0099","File","Database models","backend/app/models/__init__.py","lines 1-31","Tracked file","SQLAlchemy model or model registration.","Git-tracked at ce41172e2f46f5250d9671e9427936c05fac0fa5; bytes=1131; lines=31; SHA-256 prefix=525100093A70D3BC.","No file-level release defect; material subcomponents are recorded separately.","Security, integrity, or deployment boundary reviewed.","None","Retain","B1-02","Tracked repository","Static review completed","Individual file coverage row."
"FILE-0100","File","Database models","backend/app/models/common.py","lines 1-58","Tracked file","SQLAlchemy model or model registration.","Git-tracked at ce41172e2f46f5250d9671e9427936c05fac0fa5; bytes=1343; lines=58; SHA-256 prefix=4F90D1CEC64C2BDE.","No file-level release defect; material subcomponents are recorded separately.","Security, integrity, or deployment boundary reviewed.","None","Retain","B1-02","Tracked repository","Static review completed","Individual file coverage row."
"FILE-0101","File","Database models","backend/app/models/indicator.py","lines 1-123","Tracked file","SQLAlchemy model or model registration.","Git-tracked at ce41172e2f46f5250d9671e9427936c05fac0fa5; bytes=4670; lines=123; SHA-256 prefix=55479189F653E67E.","No file-level release defect; material subcomponents are recorded separately.","Security, integrity, or deployment boundary reviewed.","None","Retain","B1-02","Tracked repository","Static review completed","Individual file coverage row."
"FILE-0102","File","Database models","backend/app/models/indicator_provenance.py","lines 1-106","Tracked file","SQLAlchemy model or model registration.","Git-tracked at ce41172e2f46f5250d9671e9427936c05fac0fa5; bytes=3490; lines=106; SHA-256 prefix=B4C991024904F30E.","No file-level release defect; material subcomponents are recorded separately.","Security, integrity, or deployment boundary reviewed.","None","Retain","B1-02","Tracked repository","Static review completed","Individual file coverage row."
"FILE-0103","File","Database models","backend/app/models/ingestion_error.py","lines 1-79","Tracked file","SQLAlchemy model or model registration.","Git-tracked at ce41172e2f46f5250d9671e9427936c05fac0fa5; bytes=2434; lines=79; SHA-256 prefix=B1CD0B35C2BC49F3.","No file-level release defect; material subcomponents are recorded separately.","Security, integrity, or deployment boundary reviewed.","None","Retain","B1-02","Tracked repository","Static review completed","Individual file coverage row."
"FILE-0104","File","Database models","backend/app/models/ingestion_run.py","lines 1-124","Tracked file","SQLAlchemy model or model registration.","Git-tracked at ce41172e2f46f5250d9671e9427936c05fac0fa5; bytes=4160; lines=124; SHA-256 prefix=269074E72F9AE47C.","No file-level release defect; material subcomponents are recorded separately.","Security, integrity, or deployment boundary reviewed.","None","Retain","B1-02","Tracked repository","Static review completed","Individual file coverage row."
"FILE-0105","File","Database models","backend/app/models/ingestion_run_record.py","lines 1-90","Tracked file","SQLAlchemy model or model registration.","Git-tracked at ce41172e2f46f5250d9671e9427936c05fac0fa5; bytes=2835; lines=90; SHA-256 prefix=2840AA62BF1F2D2F.","No file-level release defect; material subcomponents are recorded separately.","Security, integrity, or deployment boundary reviewed.","None","Retain","B1-02","Tracked repository","Static review completed","Individual file coverage row."
"FILE-0106","File","Database models","backend/app/models/intelligence_item.py","lines 1-251","Tracked file","SQLAlchemy model or model registration.","Git-tracked at ce41172e2f46f5250d9671e9427936c05fac0fa5; bytes=8415; lines=251; SHA-256 prefix=6A165B7DA6193CE2.","No file-level release defect; material subcomponents are recorded separately.","Security, integrity, or deployment boundary reviewed.","None","Retain","B1-02","Tracked repository","Static review completed","Individual file coverage row."
"FILE-0107","File","Database models","backend/app/models/intelligence_item_identifier.py","lines 1-82","Tracked file","SQLAlchemy model or model registration.","Git-tracked at ce41172e2f46f5250d9671e9427936c05fac0fa5; bytes=2756; lines=82; SHA-256 prefix=71172DFF5789D474.","No file-level release defect; material subcomponents are recorded separately.","Security, integrity, or deployment boundary reviewed.","None","Retain","B1-02","Tracked repository","Static review completed","Individual file coverage row."
"FILE-0108","File","Database models","backend/app/models/intelligence_item_indicator.py","lines 1-83","Tracked file","SQLAlchemy model or model registration.","Git-tracked at ce41172e2f46f5250d9671e9427936c05fac0fa5; bytes=2849; lines=83; SHA-256 prefix=C17B360EE0C431AC.","No file-level release defect; material subcomponents are recorded separately.","Security, integrity, or deployment boundary reviewed.","None","Retain","B1-02","Tracked repository","Static review completed","Individual file coverage row."
"FILE-0109","File","Database models","backend/app/models/intelligence_item_tag.py","lines 1-69","Tracked file","SQLAlchemy model or model registration.","Git-tracked at ce41172e2f46f5250d9671e9427936c05fac0fa5; bytes=2122; lines=69; SHA-256 prefix=C283774D3D5AAE4E.","No file-level release defect; material subcomponents are recorded separately.","Security, integrity, or deployment boundary reviewed.","None","Retain","B1-02","Tracked repository","Static review completed","Individual file coverage row."
"FILE-0110","File","Database models","backend/app/models/intelligence_source.py","lines 1-76","Tracked file","SQLAlchemy model or model registration.","Git-tracked at ce41172e2f46f5250d9671e9427936c05fac0fa5; bytes=2554; lines=76; SHA-256 prefix=9047EE91E89729C4.","No file-level release defect; material subcomponents are recorded separately.","Security, integrity, or deployment boundary reviewed.","None","Retain","B1-02","Tracked repository","Static review completed","Individual file coverage row."
"FILE-0111","File","Database models","backend/app/models/source_record.py","lines 1-160","Tracked file","SQLAlchemy model or model registration.","Git-tracked at ce41172e2f46f5250d9671e9427936c05fac0fa5; bytes=5625; lines=160; SHA-256 prefix=5442AC0EA3097490.","No file-level release defect; material subcomponents are recorded separately.","Security, integrity, or deployment boundary reviewed.","None","Retain","B1-02","Tracked repository","Static review completed","Individual file coverage row."
"FILE-0112","File","Database models","backend/app/models/tag.py","lines 1-62","Tracked file","SQLAlchemy model or model registration.","Git-tracked at ce41172e2f46f5250d9671e9427936c05fac0fa5; bytes=1585; lines=62; SHA-256 prefix=BFC5E7237085EA23.","No file-level release defect; material subcomponents are recorded separately.","Security, integrity, or deployment boundary reviewed.","None","Retain","B1-02","Tracked repository","Static review completed","Individual file coverage row."
"FILE-0113","File","Database models","backend/app/models/vulnerability.py","lines 1-101","Tracked file","SQLAlchemy model or model registration.","Git-tracked at ce41172e2f46f5250d9671e9427936c05fac0fa5; bytes=3581; lines=101; SHA-256 prefix=064FC6B6CA573B67.","No file-level release defect; material subcomponents are recorded separately.","Security, integrity, or deployment boundary reviewed.","None","Retain","B1-02","Tracked repository","Static review completed","Individual file coverage row."
"FILE-0114","File","Backend application","backend/app/processing/.gitkeep","zero-byte file","Tracked file","Zero-content marker retains a directory in Git.","Git-tracked at ce41172e2f46f5250d9671e9427936c05fac0fa5; bytes=0; lines=0; SHA-256 prefix=E3B0C44298FC1C14.","Redundant, preview-only, or superseded content must not remain in release scope.","Security, integrity, or deployment boundary reviewed.","None","Remove","B0-03","Tracked repository","Static review completed","Individual file coverage row."
"FILE-0115","File","Backend application","backend/app/processing/__init__.py","lines 1-1","Tracked file","Tracked repository content reviewed for scope and release disposition.","Git-tracked at ce41172e2f46f5250d9671e9427936c05fac0fa5; bytes=70; lines=1; SHA-256 prefix=2E92C1827410034C.","No file-level release defect; material subcomponents are recorded separately.","Security, integrity, or deployment boundary reviewed.","None","Retain","B0-03","Tracked repository","Static review completed","Individual file coverage row."
"FILE-0116","File","Backend application","backend/app/processing/ioc_extraction_service.py","lines 1-361","Tracked file","Tracked repository content reviewed for scope and release disposition.","Git-tracked at ce41172e2f46f5250d9671e9427936c05fac0fa5; bytes=13323; lines=361; SHA-256 prefix=130E2035F4029B9F.","No file-level release defect; material subcomponents are recorded separately.","Security, integrity, or deployment boundary reviewed.","None","Retain","B0-03","Tracked repository","Static review completed","Individual file coverage row."
"FILE-0117","File","Backend application","backend/app/processing/uae_classification_cli.py","lines 1-118","Tracked file","Tracked repository content reviewed for scope and release disposition.","Git-tracked at ce41172e2f46f5250d9671e9427936c05fac0fa5; bytes=3702; lines=118; SHA-256 prefix=EC71B012F28E2B69.","No file-level release defect; material subcomponents are recorded separately.","Security, integrity, or deployment boundary reviewed.","None","Retain","B0-03","Tracked repository","Static review completed","Individual file coverage row."
"FILE-0118","File","Backend application","backend/app/processing/uae_classification_service.py","lines 1-240","Tracked file","Tracked repository content reviewed for scope and release disposition.","Git-tracked at ce41172e2f46f5250d9671e9427936c05fac0fa5; bytes=7820; lines=240; SHA-256 prefix=245DFB5758F514D1.","No file-level release defect; material subcomponents are recorded separately.","Security, integrity, or deployment boundary reviewed.","None","Retain","B0-03","Tracked repository","Static review completed","Individual file coverage row."
"FILE-0119","File","Backend application","backend/app/processing/uae_relevance_classifier.py","lines 1-178","Tracked file","Tracked repository content reviewed for scope and release disposition.","Git-tracked at ce41172e2f46f5250d9671e9427936c05fac0fa5; bytes=5872; lines=178; SHA-256 prefix=F67F60D998939E04.","No file-level release defect; material subcomponents are recorded separately.","Security, integrity, or deployment boundary reviewed.","None","Retain","B0-03","Tracked repository","Static review completed","Individual file coverage row."
"FILE-0120","File","Backend application","backend/app/schemas/.gitkeep","zero-byte file","Tracked file","Zero-content marker retains a directory in Git.","Git-tracked at ce41172e2f46f5250d9671e9427936c05fac0fa5; bytes=0; lines=0; SHA-256 prefix=E3B0C44298FC1C14.","Redundant, preview-only, or superseded content must not remain in release scope.","Security, integrity, or deployment boundary reviewed.","None","Remove","B0-03","Tracked repository","Static review completed","Individual file coverage row."
"FILE-0121","File","Backend application","backend/app/services/.gitkeep","zero-byte file","Tracked file","Zero-content marker retains a directory in Git.","Git-tracked at ce41172e2f46f5250d9671e9427936c05fac0fa5; bytes=0; lines=0; SHA-256 prefix=E3B0C44298FC1C14.","Redundant, preview-only, or superseded content must not remain in release scope.","Security, integrity, or deployment boundary reviewed.","None","Remove","B0-03","Tracked repository","Static review completed","Individual file coverage row."
"FILE-0122","File","Backend application","backend/app/services/__init__.py","lines 1-2","Tracked file","Tracked repository content reviewed for scope and release disposition.","Git-tracked at ce41172e2f46f5250d9671e9427936c05fac0fa5; bytes=38; lines=2; SHA-256 prefix=0DA0176EC92966D3.","No file-level release defect; material subcomponents are recorded separately.","Security, integrity, or deployment boundary reviewed.","None","Retain","B0-03","Tracked repository","Static review completed","Individual file coverage row."
"FILE-0123","File","Backend application","backend/app/services/article_query_service.py","lines 1-256","Tracked file","Tracked repository content reviewed for scope and release disposition.","Git-tracked at ce41172e2f46f5250d9671e9427936c05fac0fa5; bytes=9448; lines=256; SHA-256 prefix=E32847EF5E2F295B.","No file-level release defect; material subcomponents are recorded separately.","Security, integrity, or deployment boundary reviewed.","None","Retain","B0-03","Tracked repository","Static review completed","Individual file coverage row."
"FILE-0124","File","Backend application","backend/app/services/dashboard_summary_service.py","lines 1-324","Tracked file","Tracked repository content reviewed for scope and release disposition.","Git-tracked at ce41172e2f46f5250d9671e9427936c05fac0fa5; bytes=12292; lines=324; SHA-256 prefix=945EA2E7D47E603C.","No file-level release defect; material subcomponents are recorded separately.","Security, integrity, or deployment boundary reviewed.","None","Retain","B0-03","Tracked repository","Static review completed","Individual file coverage row."
"FILE-0125","File","Backend application","backend/app/services/intelligence_query_service.py","lines 1-328","Tracked file","Tracked repository content reviewed for scope and release disposition.","Git-tracked at ce41172e2f46f5250d9671e9427936c05fac0fa5; bytes=12546; lines=328; SHA-256 prefix=BE46F52FA4E5E3F7.","No file-level release defect; material subcomponents are recorded separately.","Security, integrity, or deployment boundary reviewed.","None","Retain","B0-03","Tracked repository","Static review completed","Individual file coverage row."
"FILE-0126","File","Repository governance or configuration","backend/requirements.txt","lines 1-15","Tracked file","Tracked repository content reviewed for scope and release disposition.","Git-tracked at ce41172e2f46f5250d9671e9427936c05fac0fa5; bytes=182; lines=15; SHA-256 prefix=626E984EC3D73120.","The file is retained now but contains or supports incomplete Phase B behaviour.","Security, integrity, or deployment boundary reviewed.","None","Complete Later","B2-01","Tracked repository","Static review completed","Individual file coverage row."
"FILE-0127","File","Automated tests","backend/tests/.gitkeep","zero-byte file","Tracked file","Zero-content marker retains a directory in Git.","Git-tracked at ce41172e2f46f5250d9671e9427936c05fac0fa5; bytes=0; lines=0; SHA-256 prefix=E3B0C44298FC1C14.","Redundant, preview-only, or superseded content must not remain in release scope.","Security, integrity, or deployment boundary reviewed.","None","Remove","B0-03","Tracked repository","Static review completed","Individual file coverage row."
"FILE-0128","File","Automated tests","backend/tests/test_alembic_config.py","lines 1-347","Tracked file","Offline backend contract or regression coverage.","Git-tracked at ce41172e2f46f5250d9671e9427936c05fac0fa5; bytes=11668; lines=347; SHA-256 prefix=712A618FD922899C.","No file-level release defect; material subcomponents are recorded separately.","Security, integrity, or deployment boundary reviewed.","None","Retain","B0-03","Tracked repository","Static review completed","Individual file coverage row."
"FILE-0129","File","Automated tests","backend/tests/test_anomali_publications_adapter.py","lines 1-659","Tracked file","Offline backend contract or regression coverage.","Git-tracked at ce41172e2f46f5250d9671e9427936c05fac0fa5; bytes=24293; lines=659; SHA-256 prefix=8E7E1FA62D60DD25.","No file-level release defect; material subcomponents are recorded separately.","Security, integrity, or deployment boundary reviewed.","None","Retain","B0-03","Tracked repository","Static review completed","Individual file coverage row."
"FILE-0130","File","Automated tests","backend/tests/test_anomali_publications_cli.py","lines 1-786","Tracked file","Offline backend contract or regression coverage.","Git-tracked at ce41172e2f46f5250d9671e9427936c05fac0fa5; bytes=26657; lines=786; SHA-256 prefix=203AA78222DDCE01.","No file-level release defect; material subcomponents are recorded separately.","Security, integrity, or deployment boundary reviewed.","None","Retain","B0-03","Tracked repository","Static review completed","Individual file coverage row."
"FILE-0131","File","Automated tests","backend/tests/test_anomali_publications_client.py","lines 1-2563","Tracked file","Offline backend contract or regression coverage.","Git-tracked at ce41172e2f46f5250d9671e9427936c05fac0fa5; bytes=92119; lines=2563; SHA-256 prefix=8E7BF50CD58BCF02.","No file-level release defect; material subcomponents are recorded separately.","Security, integrity, or deployment boundary reviewed.","None","Retain","B0-03","Tracked repository","Static review completed","Individual file coverage row."
"FILE-0132","File","Automated tests","backend/tests/test_anomali_publications_documentation.py","lines 1-197","Tracked file","Offline backend contract or regression coverage.","Git-tracked at ce41172e2f46f5250d9671e9427936c05fac0fa5; bytes=8866; lines=197; SHA-256 prefix=49D9DB69D3A7035E.","No file-level release defect; material subcomponents are recorded separately.","Security, integrity, or deployment boundary reviewed.","None","Retain","B0-03","Tracked repository","Static review completed","Individual file coverage row."
"FILE-0133","File","Automated tests","backend/tests/test_anomali_publications_ingestion_service.py","lines 1-610","Tracked file","Offline backend contract or regression coverage.","Git-tracked at ce41172e2f46f5250d9671e9427936c05fac0fa5; bytes=21490; lines=610; SHA-256 prefix=189AF1C52C57F190.","No file-level release defect; material subcomponents are recorded separately.","Security, integrity, or deployment boundary reviewed.","None","Retain","B0-03","Tracked repository","Static review completed","Individual file coverage row."
"FILE-0134","File","Automated tests","backend/tests/test_anomali_publications_live_cli.py","lines 1-787","Tracked file","Offline backend contract or regression coverage.","Git-tracked at ce41172e2f46f5250d9671e9427936c05fac0fa5; bytes=25699; lines=787; SHA-256 prefix=C78781F9BCEEFDE9.","No file-level release defect; material subcomponents are recorded separately.","Security, integrity, or deployment boundary reviewed.","None","Retain","B0-03","Tracked repository","Static review completed","Individual file coverage row."
"FILE-0135","File","Automated tests","backend/tests/test_architecture_documentation.py","lines 1-362","Tracked file","Offline backend contract or regression coverage.","Git-tracked at ce41172e2f46f5250d9671e9427936c05fac0fa5; bytes=13773; lines=362; SHA-256 prefix=86B17AC9E88D37A4.","No file-level release defect; material subcomponents are recorded separately.","Security, integrity, or deployment boundary reviewed.","None","Retain","B0-03","Tracked repository","Static review completed","Individual file coverage row."
"FILE-0136","File","Automated tests","backend/tests/test_articles_api.py","lines 1-1596","Tracked file","Offline backend contract or regression coverage.","Git-tracked at ce41172e2f46f5250d9671e9427936c05fac0fa5; bytes=55360; lines=1596; SHA-256 prefix=1FA05EF79BD6BCE5.","No file-level release defect; material subcomponents are recorded separately.","Security, integrity, or deployment boundary reviewed.","None","Retain","B0-03","Tracked repository","Static review completed","Individual file coverage row."
"FILE-0137","File","Automated tests","backend/tests/test_backend_dockerfile.py","lines 1-61","Tracked file","Offline backend contract or regression coverage.","Git-tracked at ce41172e2f46f5250d9671e9427936c05fac0fa5; bytes=2022; lines=61; SHA-256 prefix=55A1D05BD8E5C6A6.","No file-level release defect; material subcomponents are recorded separately.","Security, integrity, or deployment boundary reviewed.","None","Retain","B9-01","Tracked repository","Static review completed","Individual file coverage row."
"FILE-0138","File","Automated tests","backend/tests/test_censys_publications_adapter.py","lines 1-452","Tracked file","Offline backend contract or regression coverage.","Git-tracked at ce41172e2f46f5250d9671e9427936c05fac0fa5; bytes=17231; lines=452; SHA-256 prefix=F7DF3F73BB1A504A.","No file-level release defect; material subcomponents are recorded separately.","Security, integrity, or deployment boundary reviewed.","None","Retain","B0-03","Tracked repository","Static review completed","Individual file coverage row."
"FILE-0139","File","Automated tests","backend/tests/test_censys_publications_cli.py","lines 1-623","Tracked file","Offline backend contract or regression coverage.","Git-tracked at ce41172e2f46f5250d9671e9427936c05fac0fa5; bytes=21821; lines=623; SHA-256 prefix=68BDBCBE5F58BB79.","No file-level release defect; material subcomponents are recorded separately.","Security, integrity, or deployment boundary reviewed.","None","Retain","B0-03","Tracked repository","Static review completed","Individual file coverage row."
"FILE-0140","File","Automated tests","backend/tests/test_censys_publications_client.py","lines 1-1530","Tracked file","Offline backend contract or regression coverage.","Git-tracked at ce41172e2f46f5250d9671e9427936c05fac0fa5; bytes=54806; lines=1530; SHA-256 prefix=4BB902DFBC772F6A.","No file-level release defect; material subcomponents are recorded separately.","Security, integrity, or deployment boundary reviewed.","None","Retain","B0-03","Tracked repository","Static review completed","Individual file coverage row."
"FILE-0141","File","Automated tests","backend/tests/test_censys_publications_documentation.py","lines 1-186","Tracked file","Offline backend contract or regression coverage.","Git-tracked at ce41172e2f46f5250d9671e9427936c05fac0fa5; bytes=7464; lines=186; SHA-256 prefix=A9E945161F8A6826.","No file-level release defect; material subcomponents are recorded separately.","Security, integrity, or deployment boundary reviewed.","None","Retain","B0-03","Tracked repository","Static review completed","Individual file coverage row."
"FILE-0142","File","Automated tests","backend/tests/test_censys_publications_ingestion_service.py","lines 1-1151","Tracked file","Offline backend contract or regression coverage.","Git-tracked at ce41172e2f46f5250d9671e9427936c05fac0fa5; bytes=40836; lines=1151; SHA-256 prefix=9061DB923A97436D.","No file-level release defect; material subcomponents are recorded separately.","Security, integrity, or deployment boundary reviewed.","None","Retain","B0-03","Tracked repository","Static review completed","Individual file coverage row."
"FILE-0143","File","Automated tests","backend/tests/test_censys_publications_live_cli.py","lines 1-685","Tracked file","Offline backend contract or regression coverage.","Git-tracked at ce41172e2f46f5250d9671e9427936c05fac0fa5; bytes=22989; lines=685; SHA-256 prefix=09B186B243F01F9A.","No file-level release defect; material subcomponents are recorded separately.","Security, integrity, or deployment boundary reviewed.","None","Retain","B0-03","Tracked repository","Static review completed","Individual file coverage row."
"FILE-0144","File","Automated tests","backend/tests/test_cisa_kev_cli.py","lines 1-421","Tracked file","Offline backend contract or regression coverage.","Git-tracked at ce41172e2f46f5250d9671e9427936c05fac0fa5; bytes=15370; lines=421; SHA-256 prefix=AE7157B7087FD013.","No file-level release defect; material subcomponents are recorded separately.","Security, integrity, or deployment boundary reviewed.","None","Retain","B0-03","Tracked repository","Static review completed","Individual file coverage row."
"FILE-0145","File","Automated tests","backend/tests/test_cisa_kev_client.py","lines 1-222","Tracked file","Offline backend contract or regression coverage.","Git-tracked at ce41172e2f46f5250d9671e9427936c05fac0fa5; bytes=7534; lines=222; SHA-256 prefix=0B4BDD0A92CB5D25.","No file-level release defect; material subcomponents are recorded separately.","Security, integrity, or deployment boundary reviewed.","None","Retain","B0-03","Tracked repository","Static review completed","Individual file coverage row."
"FILE-0146","File","Automated tests","backend/tests/test_cisa_kev_ingestion_service.py","lines 1-434","Tracked file","Offline backend contract or regression coverage.","Git-tracked at ce41172e2f46f5250d9671e9427936c05fac0fa5; bytes=15465; lines=434; SHA-256 prefix=DC7344EDF7AD6E83.","No file-level release defect; material subcomponents are recorded separately.","Security, integrity, or deployment boundary reviewed.","None","Retain","B0-03","Tracked repository","Static review completed","Individual file coverage row."
"FILE-0147","File","Automated tests","backend/tests/test_cisa_kev_normalizer.py","lines 1-182","Tracked file","Offline backend contract or regression coverage.","Git-tracked at ce41172e2f46f5250d9671e9427936c05fac0fa5; bytes=5908; lines=182; SHA-256 prefix=2B2F85CE448A8C76.","No file-level release defect; material subcomponents are recorded separately.","Security, integrity, or deployment boundary reviewed.","None","Retain","B0-03","Tracked repository","Static review completed","Individual file coverage row."
"FILE-0148","File","Automated tests","backend/tests/test_cisa_kev_reconcile_cli.py","lines 1-687","Tracked file","Offline backend contract or regression coverage.","Git-tracked at ce41172e2f46f5250d9671e9427936c05fac0fa5; bytes=22899; lines=687; SHA-256 prefix=E23AC9749EF6F729.","No file-level release defect; material subcomponents are recorded separately.","Security, integrity, or deployment boundary reviewed.","None","Retain","B0-03","Tracked repository","Static review completed","Individual file coverage row."
"FILE-0149","File","Automated tests","backend/tests/test_cisa_kev_reconciliation_service.py","lines 1-562","Tracked file","Offline backend contract or regression coverage.","Git-tracked at ce41172e2f46f5250d9671e9427936c05fac0fa5; bytes=18029; lines=562; SHA-256 prefix=DFE029F88CCF91EA.","No file-level release defect; material subcomponents are recorded separately.","Security, integrity, or deployment boundary reviewed.","None","Retain","B0-03","Tracked repository","Static review completed","Individual file coverage row."
"FILE-0150","File","Automated tests","backend/tests/test_core_models.py","lines 1-395","Tracked file","Offline backend contract or regression coverage.","Git-tracked at ce41172e2f46f5250d9671e9427936c05fac0fa5; bytes=12817; lines=395; SHA-256 prefix=3CDF1778D735F306.","No file-level release defect; material subcomponents are recorded separately.","Security, integrity, or deployment boundary reviewed.","None","Retain","B0-03","Tracked repository","Static review completed","Individual file coverage row."
"FILE-0151","File","Automated tests","backend/tests/test_cors_config.py","lines 1-210","Tracked file","Offline backend contract or regression coverage.","Git-tracked at ce41172e2f46f5250d9671e9427936c05fac0fa5; bytes=6613; lines=210; SHA-256 prefix=CBB4E3E6D65E4CDD.","No file-level release defect; material subcomponents are recorded separately.","Security, integrity, or deployment boundary reviewed.","None","Retain","B0-03","Tracked repository","Static review completed","Individual file coverage row."
"FILE-0152","File","Automated tests","backend/tests/test_dashboard_summary_api.py","lines 1-744","Tracked file","Offline backend contract or regression coverage.","Git-tracked at ce41172e2f46f5250d9671e9427936c05fac0fa5; bytes=24477; lines=744; SHA-256 prefix=429913A9D6E65EE3.","No file-level release defect; material subcomponents are recorded separately.","Security, integrity, or deployment boundary reviewed.","None","Retain","B0-03","Tracked repository","Static review completed","Individual file coverage row."
"FILE-0153","File","Automated tests","backend/tests/test_data_sources_documentation.py","lines 1-208","Tracked file","Offline backend contract or regression coverage.","Git-tracked at ce41172e2f46f5250d9671e9427936c05fac0fa5; bytes=8003; lines=208; SHA-256 prefix=DCCA2518A13D8151.","No file-level release defect; material subcomponents are recorded separately.","Security, integrity, or deployment boundary reviewed.","None","Retain","B0-03","Tracked repository","Static review completed","Individual file coverage row."
"FILE-0154","File","Automated tests","backend/tests/test_database_config.py","lines 1-211","Tracked file","Offline backend contract or regression coverage.","Git-tracked at ce41172e2f46f5250d9671e9427936c05fac0fa5; bytes=6500; lines=211; SHA-256 prefix=BC8C7D11D145AFE4.","No file-level release defect; material subcomponents are recorded separately.","Security, integrity, or deployment boundary reviewed.","None","Retain","B0-03","Tracked repository","Static review completed","Individual file coverage row."
"FILE-0155","File","Automated tests","backend/tests/test_db_base.py","lines 1-56","Tracked file","Offline backend contract or regression coverage.","Git-tracked at ce41172e2f46f5250d9671e9427936c05fac0fa5; bytes=1797; lines=56; SHA-256 prefix=96192ABCF070509A.","No file-level release defect; material subcomponents are recorded separately.","Security, integrity, or deployment boundary reviewed.","None","Retain","B0-03","Tracked repository","Static review completed","Individual file coverage row."
"FILE-0156","File","Automated tests","backend/tests/test_db_session.py","lines 1-242","Tracked file","Offline backend contract or regression coverage.","Git-tracked at ce41172e2f46f5250d9671e9427936c05fac0fa5; bytes=7309; lines=242; SHA-256 prefix=1DB216DD6B5CCE32.","No file-level release defect; material subcomponents are recorded separately.","Security, integrity, or deployment boundary reviewed.","None","Retain","B0-03","Tracked repository","Static review completed","Individual file coverage row."
"FILE-0157","File","Automated tests","backend/tests/test_deployment_guide.py","lines 1-290","Tracked file","Offline backend contract or regression coverage.","Git-tracked at ce41172e2f46f5250d9671e9427936c05fac0fa5; bytes=10362; lines=290; SHA-256 prefix=868BA020F8EF17E1.","No file-level release defect; material subcomponents are recorded separately.","Security, integrity, or deployment boundary reviewed.","None","Retain","B0-03","Tracked repository","Static review completed","Individual file coverage row."
"FILE-0158","File","Automated tests","backend/tests/test_docker_compose_config.py","lines 1-38","Tracked file","Offline backend contract or regression coverage.","Git-tracked at ce41172e2f46f5250d9671e9427936c05fac0fa5; bytes=1363; lines=38; SHA-256 prefix=6FD68B7688784EEE.","No file-level release defect; material subcomponents are recorded separately.","Security, integrity, or deployment boundary reviewed.","None","Retain","B9-01","Tracked repository","Static review completed","Individual file coverage row."
"FILE-0159","File","Automated tests","backend/tests/test_environment_documentation.py","lines 1-251","Tracked file","Offline backend contract or regression coverage.","Git-tracked at ce41172e2f46f5250d9671e9427936c05fac0fa5; bytes=8709; lines=251; SHA-256 prefix=EB978DF33C5BC524.","No file-level release defect; material subcomponents are recorded separately.","Security, integrity, or deployment boundary reviewed.","None","Retain","B0-03","Tracked repository","Static review completed","Individual file coverage row."
"FILE-0160","File","Automated tests","backend/tests/test_epss_cli.py","lines 1-453","Tracked file","Offline backend contract or regression coverage.","Git-tracked at ce41172e2f46f5250d9671e9427936c05fac0fa5; bytes=14988; lines=453; SHA-256 prefix=1CD348929B3E7F6D.","No file-level release defect; material subcomponents are recorded separately.","Security, integrity, or deployment boundary reviewed.","None","Retain","B0-03","Tracked repository","Static review completed","Individual file coverage row."
"FILE-0161","File","Automated tests","backend/tests/test_epss_client.py","lines 1-174","Tracked file","Offline backend contract or regression coverage.","Git-tracked at ce41172e2f46f5250d9671e9427936c05fac0fa5; bytes=5337; lines=174; SHA-256 prefix=5EC54B0047554444.","No file-level release defect; material subcomponents are recorded separately.","Security, integrity, or deployment boundary reviewed.","None","Retain","B0-03","Tracked repository","Static review completed","Individual file coverage row."
"FILE-0162","File","Automated tests","backend/tests/test_epss_enrichment_service.py","lines 1-432","Tracked file","Offline backend contract or regression coverage.","Git-tracked at ce41172e2f46f5250d9671e9427936c05fac0fa5; bytes=14583; lines=432; SHA-256 prefix=9688F41B94412DEB.","No file-level release defect; material subcomponents are recorded separately.","Security, integrity, or deployment boundary reviewed.","None","Retain","B0-03","Tracked repository","Static review completed","Individual file coverage row."
"FILE-0163","File","Automated tests","backend/tests/test_epss_normalizer.py","lines 1-157","Tracked file","Offline backend contract or regression coverage.","Git-tracked at ce41172e2f46f5250d9671e9427936c05fac0fa5; bytes=5064; lines=157; SHA-256 prefix=A2339A568990BAC7.","No file-level release defect; material subcomponents are recorded separately.","Security, integrity, or deployment boundary reviewed.","None","Retain","B0-03","Tracked repository","Static review completed","Individual file coverage row."
"FILE-0164","File","Automated tests","backend/tests/test_google_threat_intelligence_rss_client.py","lines 1-294","Tracked file","Offline backend contract or regression coverage.","Git-tracked at ce41172e2f46f5250d9671e9427936c05fac0fa5; bytes=10562; lines=294; SHA-256 prefix=DA5F8A8E0DD71C29.","No file-level release defect; material subcomponents are recorded separately.","Security, integrity, or deployment boundary reviewed.","None","Retain","B0-03","Tracked repository","Static review completed","Individual file coverage row."
"FILE-0165","File","Automated tests","backend/tests/test_google_threat_publications_adapter.py","lines 1-675","Tracked file","Offline backend contract or regression coverage.","Git-tracked at ce41172e2f46f5250d9671e9427936c05fac0fa5; bytes=24805; lines=675; SHA-256 prefix=170777B2E81FE7C8.","No file-level release defect; material subcomponents are recorded separately.","Security, integrity, or deployment boundary reviewed.","None","Retain","B0-03","Tracked repository","Static review completed","Individual file coverage row."
"FILE-0166","File","Automated tests","backend/tests/test_google_threat_publications_cli.py","lines 1-530","Tracked file","Offline backend contract or regression coverage.","Git-tracked at ce41172e2f46f5250d9671e9427936c05fac0fa5; bytes=19429; lines=530; SHA-256 prefix=72070EDB3E81D30F.","No file-level release defect; material subcomponents are recorded separately.","Security, integrity, or deployment boundary reviewed.","None","Retain","B0-03","Tracked repository","Static review completed","Individual file coverage row."
"FILE-0167","File","Automated tests","backend/tests/test_health.py","lines 1-81","Tracked file","Offline backend contract or regression coverage.","Git-tracked at ce41172e2f46f5250d9671e9427936c05fac0fa5; bytes=2608; lines=81; SHA-256 prefix=DF915D61C897B79C.","No file-level release defect; material subcomponents are recorded separately.","Security, integrity, or deployment boundary reviewed.","None","Retain","B0-03","Tracked repository","Static review completed","Individual file coverage row."
"FILE-0168","File","Automated tests","backend/tests/test_ibm_x_force_publications_adapter.py","lines 1-917","Tracked file","Offline backend contract or regression coverage.","Git-tracked at ce41172e2f46f5250d9671e9427936c05fac0fa5; bytes=33060; lines=917; SHA-256 prefix=D3B6035F60989DA5.","No file-level release defect; material subcomponents are recorded separately.","Security, integrity, or deployment boundary reviewed.","None","Retain","B0-03","Tracked repository","Static review completed","Individual file coverage row."
"FILE-0169","File","Automated tests","backend/tests/test_ibm_x_force_publications_cli.py","lines 1-621","Tracked file","Offline backend contract or regression coverage.","Git-tracked at ce41172e2f46f5250d9671e9427936c05fac0fa5; bytes=21896; lines=621; SHA-256 prefix=C391292E85EB5A03.","No file-level release defect; material subcomponents are recorded separately.","Security, integrity, or deployment boundary reviewed.","None","Retain","B0-03","Tracked repository","Static review completed","Individual file coverage row."
"FILE-0170","File","Automated tests","backend/tests/test_identifier_vulnerability_source_models.py","lines 1-512","Tracked file","Offline backend contract or regression coverage.","Git-tracked at ce41172e2f46f5250d9671e9427936c05fac0fa5; bytes=18757; lines=512; SHA-256 prefix=BD9136BF6F8A2D88.","No file-level release defect; material subcomponents are recorded separately.","Security, integrity, or deployment boundary reviewed.","None","Retain","B0-03","Tracked repository","Static review completed","Individual file coverage row."
"FILE-0171","File","Automated tests","backend/tests/test_indicator_migration.py","lines 1-232","Tracked file","Offline backend contract or regression coverage.","Git-tracked at ce41172e2f46f5250d9671e9427936c05fac0fa5; bytes=8105; lines=232; SHA-256 prefix=F97CAF2D8D6705CF.","No file-level release defect; material subcomponents are recorded separately.","Security, integrity, or deployment boundary reviewed.","None","Retain","B0-03","Tracked repository","Static review completed","Individual file coverage row."
"FILE-0172","File","Automated tests","backend/tests/test_indicator_models.py","lines 1-370","Tracked file","Offline backend contract or regression coverage.","Git-tracked at ce41172e2f46f5250d9671e9427936c05fac0fa5; bytes=12068; lines=370; SHA-256 prefix=C662BF33883A4227.","No file-level release defect; material subcomponents are recorded separately.","Security, integrity, or deployment boundary reviewed.","None","Retain","B0-03","Tracked repository","Static review completed","Individual file coverage row."
"FILE-0173","File","Automated tests","backend/tests/test_indicator_value_validation.py","lines 1-315","Tracked file","Offline backend contract or regression coverage.","Git-tracked at ce41172e2f46f5250d9671e9427936c05fac0fa5; bytes=10330; lines=315; SHA-256 prefix=AFCBC6C8B04CF5E7.","No file-level release defect; material subcomponents are recorded separately.","Security, integrity, or deployment boundary reviewed.","None","Retain","B0-03","Tracked repository","Static review completed","Individual file coverage row."
"FILE-0174","File","Automated tests","backend/tests/test_ingestion_models.py","lines 1-481","Tracked file","Offline backend contract or regression coverage.","Git-tracked at ce41172e2f46f5250d9671e9427936c05fac0fa5; bytes=16925; lines=481; SHA-256 prefix=4FF73524BA4DB704.","No file-level release defect; material subcomponents are recorded separately.","Security, integrity, or deployment boundary reviewed.","None","Retain","B0-03","Tracked repository","Static review completed","Individual file coverage row."
"FILE-0175","File","Automated tests","backend/tests/test_initial_migration.py","lines 1-257","Tracked file","Offline backend contract or regression coverage.","Git-tracked at ce41172e2f46f5250d9671e9427936c05fac0fa5; bytes=8390; lines=257; SHA-256 prefix=C408CBEE7D51280F.","No file-level release defect; material subcomponents are recorded separately.","Security, integrity, or deployment boundary reviewed.","None","Retain","B0-03","Tracked repository","Static review completed","Individual file coverage row."
"FILE-0176","File","Automated tests","backend/tests/test_intelligence_api.py","lines 1-1198","Tracked file","Offline backend contract or regression coverage.","Git-tracked at ce41172e2f46f5250d9671e9427936c05fac0fa5; bytes=40310; lines=1198; SHA-256 prefix=25A5047707F1CA5B.","No file-level release defect; material subcomponents are recorded separately.","Security, integrity, or deployment boundary reviewed.","None","Retain","B0-03","Tracked repository","Static review completed","Individual file coverage row."
"FILE-0177","File","Automated tests","backend/tests/test_intelligence_item_indicator_models.py","lines 1-171","Tracked file","Offline backend contract or regression coverage.","Git-tracked at ce41172e2f46f5250d9671e9427936c05fac0fa5; bytes=5625; lines=171; SHA-256 prefix=A5BC3D0A29912CAE.","No file-level release defect; material subcomponents are recorded separately.","Security, integrity, or deployment boundary reviewed.","None","Retain","B0-03","Tracked repository","Static review completed","Individual file coverage row."
"FILE-0178","File","Automated tests","backend/tests/test_ioc_extraction_service.py","lines 1-383","Tracked file","Offline backend contract or regression coverage.","Git-tracked at ce41172e2f46f5250d9671e9427936c05fac0fa5; bytes=13268; lines=383; SHA-256 prefix=75F107D41980AF43.","No file-level release defect; material subcomponents are recorded separately.","Security, integrity, or deployment boundary reviewed.","None","Retain","B0-03","Tracked repository","Static review completed","Individual file coverage row."
"FILE-0179","File","Automated tests","backend/tests/test_ioc_relationship_migration.py","lines 1-158","Tracked file","Offline backend contract or regression coverage.","Git-tracked at ce41172e2f46f5250d9671e9427936c05fac0fa5; bytes=5154; lines=158; SHA-256 prefix=F16A7B21E7C3EC60.","No file-level release defect; material subcomponents are recorded separately.","Security, integrity, or deployment boundary reviewed.","None","Retain","B0-03","Tracked repository","Static review completed","Individual file coverage row."
"FILE-0180","File","Automated tests","backend/tests/test_ioc_text_extraction.py","lines 1-424","Tracked file","Offline backend contract or regression coverage.","Git-tracked at ce41172e2f46f5250d9671e9427936c05fac0fa5; bytes=12949; lines=424; SHA-256 prefix=70540B69EFD8F71A.","No file-level release defect; material subcomponents are recorded separately.","Security, integrity, or deployment boundary reviewed.","None","Retain","B0-03","Tracked repository","Static review completed","Individual file coverage row."
"FILE-0181","File","Automated tests","backend/tests/test_logging_and_errors.py","lines 1-398","Tracked file","Offline backend contract or regression coverage.","Git-tracked at ce41172e2f46f5250d9671e9427936c05fac0fa5; bytes=12729; lines=398; SHA-256 prefix=CFD932F66404E00B.","No file-level release defect; material subcomponents are recorded separately.","Security, integrity, or deployment boundary reviewed.","None","Retain","B0-03","Tracked repository","Static review completed","Individual file coverage row."
"FILE-0182","File","Automated tests","backend/tests/test_nvd_cli.py","lines 1-382","Tracked file","Offline backend contract or regression coverage.","Git-tracked at ce41172e2f46f5250d9671e9427936c05fac0fa5; bytes=12575; lines=382; SHA-256 prefix=A86E953ED4004D07.","No file-level release defect; material subcomponents are recorded separately.","Security, integrity, or deployment boundary reviewed.","None","Retain","B0-03","Tracked repository","Static review completed","Individual file coverage row."
"FILE-0183","File","Automated tests","backend/tests/test_nvd_client.py","lines 1-593","Tracked file","Offline backend contract or regression coverage.","Git-tracked at ce41172e2f46f5250d9671e9427936c05fac0fa5; bytes=19184; lines=593; SHA-256 prefix=2DDB8690E32189A8.","No file-level release defect; material subcomponents are recorded separately.","Security, integrity, or deployment boundary reviewed.","None","Retain","B0-03","Tracked repository","Static review completed","Individual file coverage row."
"FILE-0184","File","Automated tests","backend/tests/test_nvd_curated_cli.py","lines 1-1041","Tracked file","Offline backend contract or regression coverage.","Git-tracked at ce41172e2f46f5250d9671e9427936c05fac0fa5; bytes=32433; lines=1041; SHA-256 prefix=0C9F0931199C7732.","No file-level release defect; material subcomponents are recorded separately.","Security, integrity, or deployment boundary reviewed.","None","Retain","B0-03","Tracked repository","Static review completed","Individual file coverage row."
"FILE-0185","File","Automated tests","backend/tests/test_nvd_ingestion_service.py","lines 1-517","Tracked file","Offline backend contract or regression coverage.","Git-tracked at ce41172e2f46f5250d9671e9427936c05fac0fa5; bytes=19114; lines=517; SHA-256 prefix=C047AFB612B0FC6D.","No file-level release defect; material subcomponents are recorded separately.","Security, integrity, or deployment boundary reviewed.","None","Retain","B0-03","Tracked repository","Static review completed","Individual file coverage row."
"FILE-0186","File","Automated tests","backend/tests/test_nvd_normalizer.py","lines 1-324","Tracked file","Offline backend contract or regression coverage.","Git-tracked at ce41172e2f46f5250d9671e9427936c05fac0fa5; bytes=10650; lines=324; SHA-256 prefix=9B9C6B47F92F4ADC.","No file-level release defect; material subcomponents are recorded separately.","Security, integrity, or deployment boundary reviewed.","None","Retain","B0-03","Tracked repository","Static review completed","Individual file coverage row."
"FILE-0187","File","Automated tests","backend/tests/test_nvd_smoke_test.py","lines 1-279","Tracked file","Offline backend contract or regression coverage.","Git-tracked at ce41172e2f46f5250d9671e9427936c05fac0fa5; bytes=9250; lines=279; SHA-256 prefix=982FF96E87144F13.","No file-level release defect; material subcomponents are recorded separately.","Security, integrity, or deployment boundary reviewed.","None","Retain","B0-03","Tracked repository","Static review completed","Individual file coverage row."
"FILE-0188","File","Automated tests","backend/tests/test_production_compose.py","lines 1-232","Tracked file","Offline backend contract or regression coverage.","Git-tracked at ce41172e2f46f5250d9671e9427936c05fac0fa5; bytes=8920; lines=232; SHA-256 prefix=839A13765C43CAA0.","No file-level release defect; material subcomponents are recorded separately.","Security, integrity, or deployment boundary reviewed.","None","Retain","B9-01","Tracked repository","Static review completed","Individual file coverage row."
"FILE-0189","File","Automated tests","backend/tests/test_publication_pipeline.py","lines 1-1265","Tracked file","Offline backend contract or regression coverage.","Git-tracked at ce41172e2f46f5250d9671e9427936c05fac0fa5; bytes=45465; lines=1265; SHA-256 prefix=EE2DA56208368410.","No file-level release defect; material subcomponents are recorded separately.","Security, integrity, or deployment boundary reviewed.","None","Retain","B0-03","Tracked repository","Static review completed","Individual file coverage row."
"FILE-0190","File","Automated tests","backend/tests/test_readme_documentation.py","lines 1-222","Tracked file","Offline backend contract or regression coverage.","Git-tracked at ce41172e2f46f5250d9671e9427936c05fac0fa5; bytes=8276; lines=222; SHA-256 prefix=9498A8AC4CA75ABA.","No file-level release defect; material subcomponents are recorded separately.","Security, integrity, or deployment boundary reviewed.","None","Retain","B0-03","Tracked repository","Static review completed","Individual file coverage row."
"FILE-0191","File","Automated tests","backend/tests/test_rss_cli.py","lines 1-530","Tracked file","Offline backend contract or regression coverage.","Git-tracked at ce41172e2f46f5250d9671e9427936c05fac0fa5; bytes=20269; lines=530; SHA-256 prefix=48FAE35924544E95.","No file-level release defect; material subcomponents are recorded separately.","Security, integrity, or deployment boundary reviewed.","None","Retain","B0-03","Tracked repository","Static review completed","Individual file coverage row."
"FILE-0192","File","Automated tests","backend/tests/test_rss_client.py","lines 1-183","Tracked file","Offline backend contract or regression coverage.","Git-tracked at ce41172e2f46f5250d9671e9427936c05fac0fa5; bytes=6359; lines=183; SHA-256 prefix=119859856088C4F2.","No file-level release defect; material subcomponents are recorded separately.","Security, integrity, or deployment boundary reviewed.","None","Retain","B0-03","Tracked repository","Static review completed","Individual file coverage row."
"FILE-0193","File","Automated tests","backend/tests/test_rss_ingestion_service.py","lines 1-1061","Tracked file","Offline backend contract or regression coverage.","Git-tracked at ce41172e2f46f5250d9671e9427936c05fac0fa5; bytes=38185; lines=1061; SHA-256 prefix=FB5E8C10BBF36950.","No file-level release defect; material subcomponents are recorded separately.","Security, integrity, or deployment boundary reviewed.","None","Retain","B0-03","Tracked repository","Static review completed","Individual file coverage row."
"FILE-0194","File","Automated tests","backend/tests/test_rss_normalizer.py","lines 1-214","Tracked file","Offline backend contract or regression coverage.","Git-tracked at ce41172e2f46f5250d9671e9427936c05fac0fa5; bytes=7283; lines=214; SHA-256 prefix=79E0E1D65BD3CFD6.","No file-level release defect; material subcomponents are recorded separately.","Security, integrity, or deployment boundary reviewed.","None","Retain","B0-03","Tracked repository","Static review completed","Individual file coverage row."
"FILE-0195","File","Automated tests","backend/tests/test_run_script.py","lines 1-297","Tracked file","Offline backend contract or regression coverage.","Git-tracked at ce41172e2f46f5250d9671e9427936c05fac0fa5; bytes=9563; lines=297; SHA-256 prefix=4815B2100569616C.","No file-level release defect; material subcomponents are recorded separately.","Security, integrity, or deployment boundary reviewed.","None","Retain","B0-03","Tracked repository","Static review completed","Individual file coverage row."
"FILE-0196","File","Automated tests","backend/tests/test_security_middleware.py","lines 1-227","Tracked file","Offline backend contract or regression coverage.","Git-tracked at ce41172e2f46f5250d9671e9427936c05fac0fa5; bytes=7071; lines=227; SHA-256 prefix=7EA99679AFD72563.","No file-level release defect; material subcomponents are recorded separately.","Security, integrity, or deployment boundary reviewed.","None","Retain","B0-03","Tracked repository","Static review completed","Individual file coverage row."
"FILE-0197","File","Automated tests","backend/tests/test_seed_cli.py","lines 1-115","Tracked file","Offline backend contract or regression coverage.","Git-tracked at ce41172e2f46f5250d9671e9427936c05fac0fa5; bytes=2993; lines=115; SHA-256 prefix=C8902B570A0C8811.","No file-level release defect; material subcomponents are recorded separately.","Security, integrity, or deployment boundary reviewed.","None","Retain","B0-03","Tracked repository","Static review completed","Individual file coverage row."
"FILE-0198","File","Automated tests","backend/tests/test_seed_dataset.py","lines 1-193","Tracked file","Offline backend contract or regression coverage.","Git-tracked at ce41172e2f46f5250d9671e9427936c05fac0fa5; bytes=7290; lines=193; SHA-256 prefix=A02B4BF567A4360F.","No file-level release defect; material subcomponents are recorded separately.","Security, integrity, or deployment boundary reviewed.","None","Retain","B0-03","Tracked repository","Static review completed","Individual file coverage row."
"FILE-0199","File","Automated tests","backend/tests/test_seed_service.py","lines 1-238","Tracked file","Offline backend contract or regression coverage.","Git-tracked at ce41172e2f46f5250d9671e9427936c05fac0fa5; bytes=9192; lines=238; SHA-256 prefix=468D2D4F3C573521.","No file-level release defect; material subcomponents are recorded separately.","Security, integrity, or deployment boundary reviewed.","None","Retain","B0-03","Tracked repository","Static review completed","Individual file coverage row."
"FILE-0200","File","Automated tests","backend/tests/test_source_registry.py","lines 1-775","Tracked file","Offline backend contract or regression coverage.","Git-tracked at ce41172e2f46f5250d9671e9427936c05fac0fa5; bytes=28260; lines=775; SHA-256 prefix=7B6D9DA788005BC7.","No file-level release defect; material subcomponents are recorded separately.","Security, integrity, or deployment boundary reviewed.","None","Retain","B0-03","Tracked repository","Static review completed","Individual file coverage row."
"FILE-0201","File","Automated tests","backend/tests/test_stix_bounded_json.py","lines 1-333","Tracked file","Offline backend contract or regression coverage.","Git-tracked at ce41172e2f46f5250d9671e9427936c05fac0fa5; bytes=11465; lines=333; SHA-256 prefix=07DE94C086C6E841.","No file-level release defect; material subcomponents are recorded separately.","Security, integrity, or deployment boundary reviewed.","None","Retain","B0-03","Tracked repository","Static review completed","Individual file coverage row."
"FILE-0202","File","Automated tests","backend/tests/test_stix_import_service.py","lines 1-2003","Tracked file","Offline backend contract or regression coverage.","Git-tracked at ce41172e2f46f5250d9671e9427936c05fac0fa5; bytes=66582; lines=2003; SHA-256 prefix=96CAF099797A5015.","No file-level release defect; material subcomponents are recorded separately.","Security, integrity, or deployment boundary reviewed.","None","Retain","B0-03","Tracked repository","Static review completed","Individual file coverage row."
"FILE-0203","File","Automated tests","backend/tests/test_stix_taxii_client.py","lines 1-1125","Tracked file","Offline backend contract or regression coverage.","Git-tracked at ce41172e2f46f5250d9671e9427936c05fac0fa5; bytes=36885; lines=1125; SHA-256 prefix=A7137A1CB1EF0265.","No file-level release defect; material subcomponents are recorded separately.","Security, integrity, or deployment boundary reviewed.","None","Retain","B0-03","Tracked repository","Static review completed","Individual file coverage row."
"FILE-0204","File","Automated tests","backend/tests/test_stix_taxii_policy.py","lines 1-446","Tracked file","Offline backend contract or regression coverage.","Git-tracked at ce41172e2f46f5250d9671e9427936c05fac0fa5; bytes=15240; lines=446; SHA-256 prefix=9E543B5759C332FE.","No file-level release defect; material subcomponents are recorded separately.","Security, integrity, or deployment boundary reviewed.","None","Retain","B0-03","Tracked repository","Static review completed","Individual file coverage row."
"FILE-0205","File","Automated tests","backend/tests/test_stix_validation.py","lines 1-1226","Tracked file","Offline backend contract or regression coverage.","Git-tracked at ce41172e2f46f5250d9671e9427936c05fac0fa5; bytes=39836; lines=1226; SHA-256 prefix=467468A75B63D7EF.","No file-level release defect; material subcomponents are recorded separately.","Security, integrity, or deployment boundary reviewed.","None","Retain","B0-03","Tracked repository","Static review completed","Individual file coverage row."
"FILE-0206","File","Automated tests","backend/tests/test_tag_models.py","lines 1-321","Tracked file","Offline backend contract or regression coverage.","Git-tracked at ce41172e2f46f5250d9671e9427936c05fac0fa5; bytes=10609; lines=321; SHA-256 prefix=18CE9BD601BC954A.","No file-level release defect; material subcomponents are recorded separately.","Security, integrity, or deployment boundary reviewed.","None","Retain","B0-03","Tracked repository","Static review completed","Individual file coverage row."
"FILE-0207","File","Automated tests","backend/tests/test_testing_report_documentation.py","lines 1-280","Tracked file","Offline backend contract or regression coverage.","Git-tracked at ce41172e2f46f5250d9671e9427936c05fac0fa5; bytes=10268; lines=280; SHA-256 prefix=F54D37DDF6C93887.","No file-level release defect; material subcomponents are recorded separately.","Security, integrity, or deployment boundary reviewed.","None","Retain","B0-03","Tracked repository","Static review completed","Individual file coverage row."
"FILE-0208","File","Automated tests","backend/tests/test_uae_classification_cli.py","lines 1-122","Tracked file","Offline backend contract or regression coverage.","Git-tracked at ce41172e2f46f5250d9671e9427936c05fac0fa5; bytes=3617; lines=122; SHA-256 prefix=B27B34D156494F63.","No file-level release defect; material subcomponents are recorded separately.","Security, integrity, or deployment boundary reviewed.","None","Retain","B0-03","Tracked repository","Static review completed","Individual file coverage row."
"FILE-0209","File","Automated tests","backend/tests/test_uae_classification_service.py","lines 1-393","Tracked file","Offline backend contract or regression coverage.","Git-tracked at ce41172e2f46f5250d9671e9427936c05fac0fa5; bytes=12817; lines=393; SHA-256 prefix=A1E47F2B4285004C.","No file-level release defect; material subcomponents are recorded separately.","Security, integrity, or deployment boundary reviewed.","None","Retain","B0-03","Tracked repository","Static review completed","Individual file coverage row."
"FILE-0210","File","Automated tests","backend/tests/test_uae_relevance_classifier.py","lines 1-313","Tracked file","Offline backend contract or regression coverage.","Git-tracked at ce41172e2f46f5250d9671e9427936c05fac0fa5; bytes=10039; lines=313; SHA-256 prefix=FF1F57A55DB7FDBC.","No file-level release defect; material subcomponents are recorded separately.","Security, integrity, or deployment boundary reviewed.","None","Retain","B0-03","Tracked repository","Static review completed","Individual file coverage row."
"FILE-0211","File","Automated tests","backend/tests/test_version.py","lines 1-84","Tracked file","Offline backend contract or regression coverage.","Git-tracked at ce41172e2f46f5250d9671e9427936c05fac0fa5; bytes=2276; lines=84; SHA-256 prefix=3E3B3FADB9BFF6E8.","No file-level release defect; material subcomponents are recorded separately.","Security, integrity, or deployment boundary reviewed.","None","Retain","B0-03","Tracked repository","Static review completed","Individual file coverage row."
"FILE-0212","File","Runtime and deployment","compose.prod.yml","lines 1-151","Tracked file","Container build or orchestration configuration.","Git-tracked at ce41172e2f46f5250d9671e9427936c05fac0fa5; bytes=4052; lines=151; SHA-256 prefix=C62CB4EDEF56E6C9.","No file-level release defect; material subcomponents are recorded separately.","Security, integrity, or deployment boundary reviewed.","None","Retain","B9-01","Tracked repository","Static review completed","Individual file coverage row."
"FILE-0213","File","Documentation","database/README.md","lines 1-37","Tracked file","Repository documentation or evidence record.","Git-tracked at ce41172e2f46f5250d9671e9427936c05fac0fa5; bytes=961; lines=37; SHA-256 prefix=75490E7F5056FCA5.","No file-level release defect; material subcomponents are recorded separately.","Governance, evidence, or repository-hygiene relevance reviewed.","None","Retain","B0-03","Tracked repository","Static review completed","Individual file coverage row."
"FILE-0214","File","Database infrastructure","database/init/.gitkeep","zero-byte file","Tracked file","Zero-content marker retains a directory in Git.","Git-tracked at ce41172e2f46f5250d9671e9427936c05fac0fa5; bytes=0; lines=0; SHA-256 prefix=E3B0C44298FC1C14.","No file-level release defect; material subcomponents are recorded separately.","Governance, evidence, or repository-hygiene relevance reviewed.","None","Retain","B0-03","Tracked repository","Static review completed","Individual file coverage row."
"FILE-0215","File","Runtime and deployment","docker-compose.yml","lines 1-71","Tracked file","Container build or orchestration configuration.","Git-tracked at ce41172e2f46f5250d9671e9427936c05fac0fa5; bytes=2145; lines=71; SHA-256 prefix=377730DDFE9BD99E.","No file-level release defect; material subcomponents are recorded separately.","Security, integrity, or deployment boundary reviewed.","None","Retain","B9-01","Tracked repository","Static review completed","Individual file coverage row."
"FILE-0216","File","Documentation","docs/api-contract.md","lines 1-1461","Tracked file","Repository documentation or evidence record.","Git-tracked at ce41172e2f46f5250d9671e9427936c05fac0fa5; bytes=48342; lines=1461; SHA-256 prefix=E85FFCA734D2D403.","No file-level release defect; material subcomponents are recorded separately.","Governance, evidence, or repository-hygiene relevance reviewed.","None","Retain","B0-03","Tracked repository","Static review completed","Individual file coverage row."
"FILE-0217","File","Documentation","docs/architecture.md","lines 1-769","Tracked file","Repository documentation or evidence record.","Git-tracked at ce41172e2f46f5250d9671e9427936c05fac0fa5; bytes=44606; lines=769; SHA-256 prefix=DE57D0BE604E26AE.","No file-level release defect; material subcomponents are recorded separately.","Governance, evidence, or repository-hygiene relevance reviewed.","None","Retain","B0-03","Tracked repository","Static review completed","Individual file coverage row."
"FILE-0218","File","Documentation","docs/cisa-kev-ingestion.md","lines 1-229","Tracked file","Repository documentation or evidence record.","Git-tracked at ce41172e2f46f5250d9671e9427936c05fac0fa5; bytes=9808; lines=229; SHA-256 prefix=2BD34BC816851AE5.","No file-level release defect; material subcomponents are recorded separately.","Governance, evidence, or repository-hygiene relevance reviewed.","None","Retain","B0-03","Tracked repository","Static review completed","Individual file coverage row."
"FILE-0219","File","Documentation","docs/data-sources.md","lines 1-536","Tracked file","Repository documentation or evidence record.","Git-tracked at ce41172e2f46f5250d9671e9427936c05fac0fa5; bytes=31883; lines=536; SHA-256 prefix=A832615036A3C8AE.","No file-level release defect; material subcomponents are recorded separately.","Governance, evidence, or repository-hygiene relevance reviewed.","None","Retain","B0-03","Tracked repository","Static review completed","Individual file coverage row."
"FILE-0220","File","Documentation","docs/database-schema-design.md","lines 1-796","Tracked file","Repository documentation or evidence record.","Git-tracked at ce41172e2f46f5250d9671e9427936c05fac0fa5; bytes=35439; lines=796; SHA-256 prefix=793A975BF3F88280.","No file-level release defect; material subcomponents are recorded separately.","Governance, evidence, or repository-hygiene relevance reviewed.","None","Retain","B0-03","Tracked repository","Static review completed","Individual file coverage row."
"FILE-0221","File","Documentation","docs/deployment-build-validation.md","lines 1-214","Tracked file","Repository documentation or evidence record.","Git-tracked at ce41172e2f46f5250d9671e9427936c05fac0fa5; bytes=9153; lines=214; SHA-256 prefix=F7E236EC787B0AF6.","No file-level release defect; material subcomponents are recorded separately.","Governance, evidence, or repository-hygiene relevance reviewed.","None","Retain","B0-03","Tracked repository","Static review completed","Individual file coverage row."
"FILE-0222","File","Documentation","docs/deployment-notes.md","lines 1-59","Tracked file","Repository documentation or evidence record.","Git-tracked at ce41172e2f46f5250d9671e9427936c05fac0fa5; bytes=1831; lines=59; SHA-256 prefix=9F513AB115109B81.","No file-level release defect; material subcomponents are recorded separately.","Governance, evidence, or repository-hygiene relevance reviewed.","None","Retain","B0-03","Tracked repository","Static review completed","Individual file coverage row."
"FILE-0223","File","Documentation","docs/environment-and-secrets.md","lines 1-238","Tracked file","Repository documentation or evidence record.","Git-tracked at ce41172e2f46f5250d9671e9427936c05fac0fa5; bytes=16832; lines=238; SHA-256 prefix=4CA13E8C72CF51DD.","No file-level release defect; material subcomponents are recorded separately.","Governance, evidence, or repository-hygiene relevance reviewed.","None","Retain","B0-03","Tracked repository","Static review completed","Individual file coverage row."
"FILE-0224","File","Documentation","docs/epss-enrichment.md","lines 1-131","Tracked file","Repository documentation or evidence record.","Git-tracked at ce41172e2f46f5250d9671e9427936c05fac0fa5; bytes=4708; lines=131; SHA-256 prefix=6D7BEEBACE6E98D2.","No file-level release defect; material subcomponents are recorded separately.","Governance, evidence, or repository-hygiene relevance reviewed.","None","Retain","B0-03","Tracked repository","Static review completed","Individual file coverage row."
"FILE-0225","File","Documentation","docs/ioc-extraction.md","lines 1-104","Tracked file","Repository documentation or evidence record.","Git-tracked at ce41172e2f46f5250d9671e9427936c05fac0fa5; bytes=5840; lines=104; SHA-256 prefix=93C7066B28F0078D.","No file-level release defect; material subcomponents are recorded separately.","Governance, evidence, or repository-hygiene relevance reviewed.","None","Retain","B0-03","Tracked repository","Static review completed","Individual file coverage row."
"FILE-0226","File","Documentation","docs/manual-test-cases.md","lines 1-1168","Tracked file","Repository documentation or evidence record.","Git-tracked at ce41172e2f46f5250d9671e9427936c05fac0fa5; bytes=54867; lines=1168; SHA-256 prefix=5429D0B3D1F9EC3C.","No file-level release defect; material subcomponents are recorded separately.","Governance, evidence, or repository-hygiene relevance reviewed.","None","Retain","B0-03","Tracked repository","Static review completed","Individual file coverage row."
"FILE-0227","File","Documentation","docs/nvd-ingestion.md","lines 1-251","Tracked file","Repository documentation or evidence record.","Git-tracked at ce41172e2f46f5250d9671e9427936c05fac0fa5; bytes=11706; lines=251; SHA-256 prefix=7A0E30B03F81AFFF.","No file-level release defect; material subcomponents are recorded separately.","Governance, evidence, or repository-hygiene relevance reviewed.","None","Retain","B0-03","Tracked repository","Static review completed","Individual file coverage row."
"FILE-0228","File","Documentation","docs/phase-a-baseline.md","lines 1-68","Tracked file","Repository documentation or evidence record.","Git-tracked at ce41172e2f46f5250d9671e9427936c05fac0fa5; bytes=3527; lines=68; SHA-256 prefix=D8747D1B9AAC2653.","No file-level release defect; material subcomponents are recorded separately.","Governance, evidence, or repository-hygiene relevance reviewed.","None","Retain","B0-03","Tracked repository","Static review completed","Individual file coverage row."
"FILE-0229","File","Documentation","docs/production-docker-deployment.md","lines 1-548","Tracked file","Repository documentation or evidence record.","Git-tracked at ce41172e2f46f5250d9671e9427936c05fac0fa5; bytes=25292; lines=548; SHA-256 prefix=A284B54270D33402.","No file-level release defect; material subcomponents are recorded separately.","Governance, evidence, or repository-hygiene relevance reviewed.","None","Retain","B0-03","Tracked repository","Static review completed","Individual file coverage row."
"FILE-0230","File","Documentation","docs/rss-ingestion.md","lines 1-145","Tracked file","Repository documentation or evidence record.","Git-tracked at ce41172e2f46f5250d9671e9427936c05fac0fa5; bytes=6902; lines=145; SHA-256 prefix=916D1EACEE0BC8A0.","No file-level release defect; material subcomponents are recorded separately.","Governance, evidence, or repository-hygiene relevance reviewed.","None","Retain","B0-03","Tracked repository","Static review completed","Individual file coverage row."
"FILE-0231","File","Documentation","docs/security-notes.md","lines 1-142","Tracked file","Repository documentation or evidence record.","Git-tracked at ce41172e2f46f5250d9671e9427936c05fac0fa5; bytes=6449; lines=142; SHA-256 prefix=9734408EB9E4C774.","No file-level release defect; material subcomponents are recorded separately.","Governance, evidence, or repository-hygiene relevance reviewed.","None","Retain","B0-03","Tracked repository","Static review completed","Individual file coverage row."
"FILE-0232","File","Documentation","docs/source-assessment-matrix.md","lines 1-239","Tracked file","Repository documentation or evidence record.","Git-tracked at ce41172e2f46f5250d9671e9427936c05fac0fa5; bytes=53637; lines=239; SHA-256 prefix=FC429161247CD853.","No file-level release defect; material subcomponents are recorded separately.","Governance, evidence, or repository-hygiene relevance reviewed.","None","Retain","B0-03","Tracked repository","Static review completed","Individual file coverage row."
"FILE-0233","File","Documentation","docs/source-integration-policy.md","lines 1-267","Tracked file","Repository documentation or evidence record.","Git-tracked at ce41172e2f46f5250d9671e9427936c05fac0fa5; bytes=11328; lines=267; SHA-256 prefix=858D4D94AA6E0605.","No file-level release defect; material subcomponents are recorded separately.","Governance, evidence, or repository-hygiene relevance reviewed.","None","Retain","B0-03","Tracked repository","Static review completed","Individual file coverage row."
"FILE-0234","File","Documentation","docs/stix-taxii-import.md","lines 1-341","Tracked file","Repository documentation or evidence record.","Git-tracked at ce41172e2f46f5250d9671e9427936c05fac0fa5; bytes=20812; lines=341; SHA-256 prefix=F34237E8FA3E1C00.","No file-level release defect; material subcomponents are recorded separately.","Governance, evidence, or repository-hygiene relevance reviewed.","None","Retain","B0-03","Tracked repository","Static review completed","Individual file coverage row."
"FILE-0235","File","Documentation","docs/testing-plan.md","lines 1-283","Tracked file","Repository documentation or evidence record.","Git-tracked at ce41172e2f46f5250d9671e9427936c05fac0fa5; bytes=16399; lines=283; SHA-256 prefix=254F7FE4C5561798.","No file-level release defect; material subcomponents are recorded separately.","Governance, evidence, or repository-hygiene relevance reviewed.","None","Retain","B0-03","Tracked repository","Static review completed","Individual file coverage row."
"FILE-0236","File","Documentation","docs/testing-report.md","lines 1-444","Tracked file","Repository documentation or evidence record.","Git-tracked at ce41172e2f46f5250d9671e9427936c05fac0fa5; bytes=24537; lines=444; SHA-256 prefix=B8C743F6FA59D56D.","No file-level release defect; material subcomponents are recorded separately.","Governance, evidence, or repository-hygiene relevance reviewed.","None","Retain","B0-03","Tracked repository","Static review completed","Individual file coverage row."
"FILE-0237","File","Documentation","docs/uae-classification.md","lines 1-218","Tracked file","Repository documentation or evidence record.","Git-tracked at ce41172e2f46f5250d9671e9427936c05fac0fa5; bytes=7750; lines=218; SHA-256 prefix=89A4806198CAD5ED.","No file-level release defect; material subcomponents are recorded separately.","Governance, evidence, or repository-hygiene relevance reviewed.","None","Retain","B0-03","Tracked repository","Static review completed","Individual file coverage row."
"FILE-0238","File","Repository governance or configuration","frontend/.dockerignore","lines 1-43","Tracked file","Tracked repository content reviewed for scope and release disposition.","Git-tracked at ce41172e2f46f5250d9671e9427936c05fac0fa5; bytes=526; lines=43; SHA-256 prefix=CAA3E02720F5E14F.","No file-level release defect; material subcomponents are recorded separately.","Visible-state, safe-rendering, or API-boundary relevance reviewed.","None","Retain","B8-01","Tracked repository","Static review completed","Individual file coverage row."
"FILE-0239","File","Runtime and deployment","frontend/.env.example","lines 1-10","Tracked file","Non-secret environment template.","Git-tracked at ce41172e2f46f5250d9671e9427936c05fac0fa5; bytes=435; lines=10; SHA-256 prefix=6FD4147146795A8D.","No file-level release defect; material subcomponents are recorded separately.","Security, integrity, or deployment boundary reviewed.","None","Retain","B8-01","Tracked repository","Static review completed","Individual file coverage row."
"FILE-0240","File","Runtime and deployment","frontend/Dockerfile","lines 1-35","Tracked file","Container build or orchestration configuration.","Git-tracked at ce41172e2f46f5250d9671e9427936c05fac0fa5; bytes=613; lines=35; SHA-256 prefix=6FB4D65496B6ACA7.","No file-level release defect; material subcomponents are recorded separately.","Security, integrity, or deployment boundary reviewed.","None","Retain","B8-01","Tracked repository","Static review completed","Individual file coverage row."
"FILE-0241","File","Runtime and deployment","frontend/Dockerfile.prod","lines 1-48","Tracked file","Container build or orchestration configuration.","Git-tracked at ce41172e2f46f5250d9671e9427936c05fac0fa5; bytes=1159; lines=48; SHA-256 prefix=C7C4827DED8A579F.","No file-level release defect; material subcomponents are recorded separately.","Security, integrity, or deployment boundary reviewed.","None","Retain","B8-01","Tracked repository","Static review completed","Individual file coverage row."
"FILE-0242","File","Documentation","frontend/README.md","lines 1-71","Tracked file","Repository documentation or evidence record.","Git-tracked at ce41172e2f46f5250d9671e9427936c05fac0fa5; bytes=2275; lines=71; SHA-256 prefix=9283BC5D3DD45A4B.","The file is retained now but contains or supports incomplete Phase B behaviour.","Visible-state, safe-rendering, or API-boundary relevance reviewed.","None","Complete Later","B8-01","Tracked repository","Static review completed","Individual file coverage row."
"FILE-0243","File","Repository governance or configuration","frontend/eslint.config.mjs","lines 1-10","Tracked file","Tracked repository content reviewed for scope and release disposition.","Git-tracked at ce41172e2f46f5250d9671e9427936c05fac0fa5; bytes=207; lines=10; SHA-256 prefix=B849E086B9F11011.","No file-level release defect; material subcomponents are recorded separately.","Visible-state, safe-rendering, or API-boundary relevance reviewed.","None","Retain","B8-01","Tracked repository","Static review completed","Individual file coverage row."
"FILE-0244","File","Repository governance or configuration","frontend/next.config.mjs","lines 1-8","Tracked file","Tracked repository content reviewed for scope and release disposition.","Git-tracked at ce41172e2f46f5250d9671e9427936c05fac0fa5; bytes=171; lines=8; SHA-256 prefix=B5311702775EC167.","No file-level release defect; material subcomponents are recorded separately.","Visible-state, safe-rendering, or API-boundary relevance reviewed.","None","Retain","B8-01","Tracked repository","Static review completed","Individual file coverage row."
"FILE-0245","File","Repository governance or configuration","frontend/package-lock.json","lines 1-8005","Tracked file","Tracked repository content reviewed for scope and release disposition.","Git-tracked at ce41172e2f46f5250d9671e9427936c05fac0fa5; bytes=286282; lines=8005; SHA-256 prefix=97D09553C0020B53.","No file-level release defect; material subcomponents are recorded separately.","Visible-state, safe-rendering, or API-boundary relevance reviewed.","None","Retain","B8-01","Tracked repository","Static review completed","Individual file coverage row."
"FILE-0246","File","Repository governance or configuration","frontend/package.json","lines 1-36","Tracked file","Tracked repository content reviewed for scope and release disposition.","Git-tracked at ce41172e2f46f5250d9671e9427936c05fac0fa5; bytes=1243; lines=36; SHA-256 prefix=34CF0832FB1B4A14.","No file-level release defect; material subcomponents are recorded separately.","Visible-state, safe-rendering, or API-boundary relevance reviewed.","None","Retain","B8-01","Tracked repository","Static review completed","Individual file coverage row."
"FILE-0247","File","Repository governance or configuration","frontend/public/.gitkeep","zero-byte file","Tracked file","Zero-content marker retains a directory in Git.","Git-tracked at ce41172e2f46f5250d9671e9427936c05fac0fa5; bytes=0; lines=0; SHA-256 prefix=E3B0C44298FC1C14.","No file-level release defect; material subcomponents are recorded separately.","Visible-state, safe-rendering, or API-boundary relevance reviewed.","None","Retain","B8-01","Tracked repository","Static review completed","Individual file coverage row."
"FILE-0248","File","Repository governance or configuration","frontend/scripts/validate-safe-rendering.ts","lines 1-130","Tracked file","Tracked repository content reviewed for scope and release disposition.","Git-tracked at ce41172e2f46f5250d9671e9427936c05fac0fa5; bytes=3938; lines=130; SHA-256 prefix=5E8ADF29CF913D2E.","No file-level release defect; material subcomponents are recorded separately.","Visible-state, safe-rendering, or API-boundary relevance reviewed.","None","Retain","B8-01","Tracked repository","Static review completed","Individual file coverage row."
"FILE-0249","File","Frontend route","frontend/src/app/(dashboard)/layout.tsx","lines 1-11","Tracked file","Tracked repository content reviewed for scope and release disposition.","Git-tracked at ce41172e2f46f5250d9671e9427936c05fac0fa5; bytes=315; lines=11; SHA-256 prefix=BAB54DC34707E7CB.","No file-level release defect; material subcomponents are recorded separately.","Visible-state, safe-rendering, or API-boundary relevance reviewed.","None","Retain","B8-01","Tracked repository","Static review completed","Individual file coverage row."
"FILE-0250","File","Automated tests","frontend/src/app/(dashboard)/page.test.tsx","lines 1-38","Tracked file","Offline frontend component or route coverage.","Git-tracked at ce41172e2f46f5250d9671e9427936c05fac0fa5; bytes=1753; lines=38; SHA-256 prefix=72295C9A185C92C7.","No file-level release defect; material subcomponents are recorded separately.","Visible-state, safe-rendering, or API-boundary relevance reviewed.","None","Retain","B8-01","Tracked repository","Static review completed","Individual file coverage row."
"FILE-0251","File","Frontend route","frontend/src/app/(dashboard)/page.tsx","lines 1-125","Tracked file","Next.js App Router page implementation.","Git-tracked at ce41172e2f46f5250d9671e9427936c05fac0fa5; bytes=4636; lines=125; SHA-256 prefix=81813816267F84FB.","The file is retained now but contains or supports incomplete Phase B behaviour.","Visible-state, safe-rendering, or API-boundary relevance reviewed.","None","Complete Later","B8-01","Tracked repository","Static review completed","Individual file coverage row."
"FILE-0252","File","Frontend route","frontend/src/app/.gitkeep","zero-byte file","Tracked file","Zero-content marker retains a directory in Git.","Git-tracked at ce41172e2f46f5250d9671e9427936c05fac0fa5; bytes=0; lines=0; SHA-256 prefix=E3B0C44298FC1C14.","Redundant, preview-only, or superseded content must not remain in release scope.","Visible-state, safe-rendering, or API-boundary relevance reviewed.","None","Remove","B8-01","Tracked repository","Static review completed","Individual file coverage row."
"FILE-0253","File","Automated tests","frontend/src/app/articles/[publicId]/page.test.tsx","lines 1-143","Tracked file","Offline frontend component or route coverage.","Git-tracked at ce41172e2f46f5250d9671e9427936c05fac0fa5; bytes=5153; lines=143; SHA-256 prefix=82AD575B61A18F93.","No file-level release defect; material subcomponents are recorded separately.","Visible-state, safe-rendering, or API-boundary relevance reviewed.","None","Retain","B8-01","Tracked repository","Static review completed","Individual file coverage row."
"FILE-0254","File","Frontend route","frontend/src/app/articles/[publicId]/page.tsx","lines 1-242","Tracked file","Next.js App Router page implementation.","Git-tracked at ce41172e2f46f5250d9671e9427936c05fac0fa5; bytes=6872; lines=242; SHA-256 prefix=CF5D15B25BFA0F9E.","No file-level release defect; material subcomponents are recorded separately.","Visible-state, safe-rendering, or API-boundary relevance reviewed.","None","Retain","B8-01","Tracked repository","Static review completed","Individual file coverage row."
"FILE-0255","File","Frontend route","frontend/src/app/icon.svg","lines 1-22","Tracked file","Tracked repository content reviewed for scope and release disposition.","Git-tracked at ce41172e2f46f5250d9671e9427936c05fac0fa5; bytes=425; lines=22; SHA-256 prefix=D7CE00D508D53DE3.","No file-level release defect; material subcomponents are recorded separately.","Visible-state, safe-rendering, or API-boundary relevance reviewed.","None","Retain","B8-01","Tracked repository","Static review completed","Individual file coverage row."
"FILE-0256","File","Frontend route","frontend/src/app/layout.tsx","lines 1-22","Tracked file","Tracked repository content reviewed for scope and release disposition.","Git-tracked at ce41172e2f46f5250d9671e9427936c05fac0fa5; bytes=526; lines=22; SHA-256 prefix=A90982B5A1B2D6D3.","No file-level release defect; material subcomponents are recorded separately.","Visible-state, safe-rendering, or API-boundary relevance reviewed.","None","Retain","B8-01","Tracked repository","Static review completed","Individual file coverage row."
"FILE-0257","File","Automated tests","frontend/src/app/vulnerabilities/[publicId]/page.test.tsx","lines 1-151","Tracked file","Offline frontend component or route coverage.","Git-tracked at ce41172e2f46f5250d9671e9427936c05fac0fa5; bytes=5681; lines=151; SHA-256 prefix=B855990C13DD3BE8.","No file-level release defect; material subcomponents are recorded separately.","Visible-state, safe-rendering, or API-boundary relevance reviewed.","None","Retain","B8-01","Tracked repository","Static review completed","Individual file coverage row."
"FILE-0258","File","Frontend route","frontend/src/app/vulnerabilities/[publicId]/page.tsx","lines 1-347","Tracked file","Next.js App Router page implementation.","Git-tracked at ce41172e2f46f5250d9671e9427936c05fac0fa5; bytes=9884; lines=347; SHA-256 prefix=D8B2EB8122A5A46E.","No file-level release defect; material subcomponents are recorded separately.","Visible-state, safe-rendering, or API-boundary relevance reviewed.","None","Retain","B8-01","Tracked repository","Static review completed","Individual file coverage row."
"FILE-0259","File","Frontend component","frontend/src/components/.gitkeep","zero-byte file","Tracked file","Zero-content marker retains a directory in Git.","Git-tracked at ce41172e2f46f5250d9671e9427936c05fac0fa5; bytes=0; lines=0; SHA-256 prefix=E3B0C44298FC1C14.","Redundant, preview-only, or superseded content must not remain in release scope.","Visible-state, safe-rendering, or API-boundary relevance reviewed.","None","Remove","B8-01","Tracked repository","Static review completed","Individual file coverage row."
"FILE-0260","File","Automated tests","frontend/src/components/HealthStatusCard.test.tsx","lines 1-91","Tracked file","Offline frontend component or route coverage.","Git-tracked at ce41172e2f46f5250d9671e9427936c05fac0fa5; bytes=2826; lines=91; SHA-256 prefix=C59185EC947AD228.","No file-level release defect; material subcomponents are recorded separately.","Visible-state, safe-rendering, or API-boundary relevance reviewed.","None","Retain","B8-01","Tracked repository","Static review completed","Individual file coverage row."
"FILE-0261","File","Frontend component","frontend/src/components/HealthStatusCard.tsx","lines 1-126","Tracked file","Rendered frontend component or component contract.","Git-tracked at ce41172e2f46f5250d9671e9427936c05fac0fa5; bytes=3613; lines=126; SHA-256 prefix=0A68448F829338E0.","No file-level release defect; material subcomponents are recorded separately.","Visible-state, safe-rendering, or API-boundary relevance reviewed.","None","Retain","B8-01","Tracked repository","Static review completed","Individual file coverage row."
"FILE-0262","File","Automated tests","frontend/src/components/SafeExternalLink.test.tsx","lines 1-51","Tracked file","Offline frontend component or route coverage.","Git-tracked at ce41172e2f46f5250d9671e9427936c05fac0fa5; bytes=1762; lines=51; SHA-256 prefix=2F6F27332D4DBA8E.","No file-level release defect; material subcomponents are recorded separately.","Visible-state, safe-rendering, or API-boundary relevance reviewed.","None","Retain","B8-01","Tracked repository","Static review completed","Individual file coverage row."
"FILE-0263","File","Frontend component","frontend/src/components/SafeExternalLink.tsx","lines 1-36","Tracked file","Rendered frontend component or component contract.","Git-tracked at ce41172e2f46f5250d9671e9427936c05fac0fa5; bytes=642; lines=36; SHA-256 prefix=A4FAAB4CC371D916.","No file-level release defect; material subcomponents are recorded separately.","Visible-state, safe-rendering, or API-boundary relevance reviewed.","None","Retain","B8-01","Tracked repository","Static review completed","Individual file coverage row."
"FILE-0264","File","Frontend component","frontend/src/components/dashboard/DashboardPanel.tsx","lines 1-29","Tracked file","Rendered frontend component or component contract.","Git-tracked at ce41172e2f46f5250d9671e9427936c05fac0fa5; bytes=661; lines=29; SHA-256 prefix=0B36C8E55423D54D.","No file-level release defect; material subcomponents are recorded separately.","Visible-state, safe-rendering, or API-boundary relevance reviewed.","None","Retain","B8-01","Tracked repository","Static review completed","Individual file coverage row."
"FILE-0265","File","Frontend component","frontend/src/components/dashboard/DashboardShell.tsx","lines 1-104","Tracked file","Rendered frontend component or component contract.","Git-tracked at ce41172e2f46f5250d9671e9427936c05fac0fa5; bytes=2615; lines=104; SHA-256 prefix=B5690F106B983DAF.","No file-level release defect; material subcomponents are recorded separately.","Visible-state, safe-rendering, or API-boundary relevance reviewed.","None","Retain","B8-01","Tracked repository","Static review completed","Individual file coverage row."
"FILE-0266","File","Automated tests","frontend/src/components/dashboard/DashboardSummaryCards.test.tsx","lines 1-73","Tracked file","Offline frontend component or route coverage.","Git-tracked at ce41172e2f46f5250d9671e9427936c05fac0fa5; bytes=2399; lines=73; SHA-256 prefix=033C663EB7CA6997.","No file-level release defect; material subcomponents are recorded separately.","Visible-state, safe-rendering, or API-boundary relevance reviewed.","None","Retain","B8-01","Tracked repository","Static review completed","Individual file coverage row."
"FILE-0267","File","Frontend component","frontend/src/components/dashboard/DashboardSummaryCards.tsx","lines 1-172","Tracked file","Rendered frontend component or component contract.","Git-tracked at ce41172e2f46f5250d9671e9427936c05fac0fa5; bytes=4687; lines=172; SHA-256 prefix=36680D8E5E53DC5E.","No file-level release defect; material subcomponents are recorded separately.","Visible-state, safe-rendering, or API-boundary relevance reviewed.","None","Retain","B8-01","Tracked repository","Static review completed","Individual file coverage row."
"FILE-0268","File","Automated tests","frontend/src/components/dashboard/DashboardTrendsPanel.test.tsx","lines 1-109","Tracked file","Offline frontend component or route coverage.","Git-tracked at ce41172e2f46f5250d9671e9427936c05fac0fa5; bytes=3692; lines=109; SHA-256 prefix=5C7C13674E42C080.","No file-level release defect; material subcomponents are recorded separately.","Visible-state, safe-rendering, or API-boundary relevance reviewed.","None","Retain","B8-01","Tracked repository","Static review completed","Individual file coverage row."
"FILE-0269","File","Frontend component","frontend/src/components/dashboard/DashboardTrendsPanel.tsx","lines 1-370","Tracked file","Rendered frontend component or component contract.","Git-tracked at ce41172e2f46f5250d9671e9427936c05fac0fa5; bytes=10914; lines=370; SHA-256 prefix=B01C8C6D6C399A2F.","No file-level release defect; material subcomponents are recorded separately.","Visible-state, safe-rendering, or API-boundary relevance reviewed.","None","Retain","B8-01","Tracked repository","Static review completed","Individual file coverage row."
"FILE-0270","File","Frontend component","frontend/src/components/dashboard/KpiCard.tsx","lines 1-26","Tracked file","Rendered frontend component or component contract.","Git-tracked at ce41172e2f46f5250d9671e9427936c05fac0fa5; bytes=544; lines=26; SHA-256 prefix=D96CED204CE0FC41.","No file-level release defect; material subcomponents are recorded separately.","Visible-state, safe-rendering, or API-boundary relevance reviewed.","None","Retain","B8-01","Tracked repository","Static review completed","Individual file coverage row."
"FILE-0271","File","Automated tests","frontend/src/components/dashboard/LatestArticlesFeed.test.tsx","lines 1-346","Tracked file","Offline frontend component or route coverage.","Git-tracked at ce41172e2f46f5250d9671e9427936c05fac0fa5; bytes=12752; lines=346; SHA-256 prefix=B4BE146B517BDCB7.","No file-level release defect; material subcomponents are recorded separately.","Visible-state, safe-rendering, or API-boundary relevance reviewed.","None","Retain","B8-01","Tracked repository","Static review completed","Individual file coverage row."
"FILE-0272","File","Frontend component","frontend/src/components/dashboard/LatestArticlesFeed.tsx","lines 1-438","Tracked file","Rendered frontend component or component contract.","Git-tracked at ce41172e2f46f5250d9671e9427936c05fac0fa5; bytes=13435; lines=438; SHA-256 prefix=031516DD57F648D2.","No file-level release defect; material subcomponents are recorded separately.","Visible-state, safe-rendering, or API-boundary relevance reviewed.","None","Retain","B8-01","Tracked repository","Static review completed","Individual file coverage row."
"FILE-0273","File","Frontend component","frontend/src/components/dashboard/NavigationItem.tsx","lines 1-125","Tracked file","Rendered frontend component or component contract.","Git-tracked at ce41172e2f46f5250d9671e9427936c05fac0fa5; bytes=2521; lines=125; SHA-256 prefix=5FA58774B7595B78.","No file-level release defect; material subcomponents are recorded separately.","Visible-state, safe-rendering, or API-boundary relevance reviewed.","None","Retain","B8-01","Tracked repository","Static review completed","Individual file coverage row."
"FILE-0274","File","Frontend component","frontend/src/components/dashboard/Sidebar.tsx","lines 1-101","Tracked file","Rendered frontend component or component contract.","Git-tracked at ce41172e2f46f5250d9671e9427936c05fac0fa5; bytes=2867; lines=101; SHA-256 prefix=A11D06A97552CDE0.","The file is retained now but contains or supports incomplete Phase B behaviour.","Visible-state, safe-rendering, or API-boundary relevance reviewed.","None","Complete Later","B8-01","Tracked repository","Static review completed","Individual file coverage row."
"FILE-0275","File","Frontend component","frontend/src/components/dashboard/StatusBadge.tsx","lines 1-10","Tracked file","Rendered frontend component or component contract.","Git-tracked at ce41172e2f46f5250d9671e9427936c05fac0fa5; bytes=273; lines=10; SHA-256 prefix=E4B7B4E5558FD9D5.","No file-level release defect; material subcomponents are recorded separately.","Visible-state, safe-rendering, or API-boundary relevance reviewed.","None","Retain","B8-01","Tracked repository","Static review completed","Individual file coverage row."
"FILE-0276","File","Frontend component","frontend/src/components/dashboard/TopHeader.tsx","lines 1-67","Tracked file","Rendered frontend component or component contract.","Git-tracked at ce41172e2f46f5250d9671e9427936c05fac0fa5; bytes=1759; lines=67; SHA-256 prefix=157B7AA3E10630A2.","The file is retained now but contains or supports incomplete Phase B behaviour.","Visible-state, safe-rendering, or API-boundary relevance reviewed.","None","Complete Later","B8-01","Tracked repository","Static review completed","Individual file coverage row."
"FILE-0277","File","Automated tests","frontend/src/components/dashboard/VulnerabilitiesTable.test.tsx","lines 1-336","Tracked file","Offline frontend component or route coverage.","Git-tracked at ce41172e2f46f5250d9671e9427936c05fac0fa5; bytes=12728; lines=336; SHA-256 prefix=F44776C404DC114E.","No file-level release defect; material subcomponents are recorded separately.","Visible-state, safe-rendering, or API-boundary relevance reviewed.","None","Retain","B8-01","Tracked repository","Static review completed","Individual file coverage row."
"FILE-0278","File","Frontend component","frontend/src/components/dashboard/VulnerabilitiesTable.tsx","lines 1-475","Tracked file","Rendered frontend component or component contract.","Git-tracked at ce41172e2f46f5250d9671e9427936c05fac0fa5; bytes=14458; lines=475; SHA-256 prefix=647CBE100361EF00.","No file-level release defect; material subcomponents are recorded separately.","Visible-state, safe-rendering, or API-boundary relevance reviewed.","None","Retain","B8-01","Tracked repository","Static review completed","Individual file coverage row."
"FILE-0279","File","Frontend support","frontend/src/data/dashboardPreview.ts","lines 1-129","Tracked file","Tracked repository content reviewed for scope and release disposition.","Git-tracked at ce41172e2f46f5250d9671e9427936c05fac0fa5; bytes=4237; lines=129; SHA-256 prefix=9AC6E0DCDA70D5D7.","Redundant, preview-only, or superseded content must not remain in release scope.","Visible-state, safe-rendering, or API-boundary relevance reviewed.","None","Remove","B8-01","Tracked repository","Static review completed","Individual file coverage row."
"FILE-0280","File","Frontend support","frontend/src/hooks/.gitkeep","zero-byte file","Tracked file","Zero-content marker retains a directory in Git.","Git-tracked at ce41172e2f46f5250d9671e9427936c05fac0fa5; bytes=0; lines=0; SHA-256 prefix=E3B0C44298FC1C14.","The file is retained now but contains or supports incomplete Phase B behaviour.","Visible-state, safe-rendering, or API-boundary relevance reviewed.","None","Complete Later","B8-01","Tracked repository","Static review completed","Individual file coverage row."
"FILE-0281","File","Frontend API client","frontend/src/services/.gitkeep","zero-byte file","Tracked file","Zero-content marker retains a directory in Git.","Git-tracked at ce41172e2f46f5250d9671e9427936c05fac0fa5; bytes=0; lines=0; SHA-256 prefix=E3B0C44298FC1C14.","Redundant, preview-only, or superseded content must not remain in release scope.","Visible-state, safe-rendering, or API-boundary relevance reviewed.","None","Remove","B8-01","Tracked repository","Static review completed","Individual file coverage row."
"FILE-0282","File","Frontend API client","frontend/src/services/apiClient.ts","lines 1-5","Tracked file","Frontend fetch client with runtime response validation.","Git-tracked at ce41172e2f46f5250d9671e9427936c05fac0fa5; bytes=184; lines=5; SHA-256 prefix=67B6A9087D84E763.","No file-level release defect; material subcomponents are recorded separately.","Visible-state, safe-rendering, or API-boundary relevance reviewed.","None","Retain","B8-01","Tracked repository","Static review completed","Individual file coverage row."
"FILE-0283","File","Frontend API client","frontend/src/services/articleApi.ts","lines 1-207","Tracked file","Frontend fetch client with runtime response validation.","Git-tracked at ce41172e2f46f5250d9671e9427936c05fac0fa5; bytes=5555; lines=207; SHA-256 prefix=75548331E070D624.","No file-level release defect; material subcomponents are recorded separately.","Visible-state, safe-rendering, or API-boundary relevance reviewed.","None","Retain","B8-01","Tracked repository","Static review completed","Individual file coverage row."
"FILE-0284","File","Frontend API client","frontend/src/services/dashboardSummaryApi.ts","lines 1-68","Tracked file","Frontend fetch client with runtime response validation.","Git-tracked at ce41172e2f46f5250d9671e9427936c05fac0fa5; bytes=1892; lines=68; SHA-256 prefix=1BDC0C0A7C9F0420.","No file-level release defect; material subcomponents are recorded separately.","Visible-state, safe-rendering, or API-boundary relevance reviewed.","None","Retain","B8-01","Tracked repository","Static review completed","Individual file coverage row."
"FILE-0285","File","Frontend API client","frontend/src/services/dashboardTrendsApi.ts","lines 1-58","Tracked file","Frontend fetch client with runtime response validation.","Git-tracked at ce41172e2f46f5250d9671e9427936c05fac0fa5; bytes=1644; lines=58; SHA-256 prefix=F70651709FE9BF36.","No file-level release defect; material subcomponents are recorded separately.","Visible-state, safe-rendering, or API-boundary relevance reviewed.","None","Retain","B8-01","Tracked repository","Static review completed","Individual file coverage row."
"FILE-0286","File","Frontend API client","frontend/src/services/vulnerabilityApi.ts","lines 1-243","Tracked file","Frontend fetch client with runtime response validation.","Git-tracked at ce41172e2f46f5250d9671e9427936c05fac0fa5; bytes=6981; lines=243; SHA-256 prefix=E70BDF3EE6153C02.","No file-level release defect; material subcomponents are recorded separately.","Visible-state, safe-rendering, or API-boundary relevance reviewed.","None","Retain","B8-01","Tracked repository","Static review completed","Individual file coverage row."
"FILE-0287","File","Frontend support","frontend/src/styles/.gitkeep","zero-byte file","Tracked file","Zero-content marker retains a directory in Git.","Git-tracked at ce41172e2f46f5250d9671e9427936c05fac0fa5; bytes=0; lines=0; SHA-256 prefix=E3B0C44298FC1C14.","Redundant, preview-only, or superseded content must not remain in release scope.","Visible-state, safe-rendering, or API-boundary relevance reviewed.","None","Remove","B8-01","Tracked repository","Static review completed","Individual file coverage row."
"FILE-0288","File","Frontend support","frontend/src/styles/globals.css","lines 1-1410","Tracked file","Tracked repository content reviewed for scope and release disposition.","Git-tracked at ce41172e2f46f5250d9671e9427936c05fac0fa5; bytes=25846; lines=1410; SHA-256 prefix=9BD7C14027FEF50C.","No file-level release defect; material subcomponents are recorded separately.","Visible-state, safe-rendering, or API-boundary relevance reviewed.","None","Retain","B8-01","Tracked repository","Static review completed","Individual file coverage row."
"FILE-0289","File","Frontend support","frontend/src/test/fixtures.ts","lines 1-115","Tracked file","Tracked repository content reviewed for scope and release disposition.","Git-tracked at ce41172e2f46f5250d9671e9427936c05fac0fa5; bytes=3275; lines=115; SHA-256 prefix=8A9018EB72C19E4A.","No file-level release defect; material subcomponents are recorded separately.","Visible-state, safe-rendering, or API-boundary relevance reviewed.","None","Retain","B8-01","Tracked repository","Static review completed","Individual file coverage row."
"FILE-0290","File","Frontend support","frontend/src/test/setup.ts","lines 1-9","Tracked file","Tracked repository content reviewed for scope and release disposition.","Git-tracked at ce41172e2f46f5250d9671e9427936c05fac0fa5; bytes=195; lines=9; SHA-256 prefix=98E4F440E94C8CF9.","No file-level release defect; material subcomponents are recorded separately.","Visible-state, safe-rendering, or API-boundary relevance reviewed.","None","Retain","B8-01","Tracked repository","Static review completed","Individual file coverage row."
"FILE-0291","File","Frontend support","frontend/src/types/.gitkeep","zero-byte file","Tracked file","Zero-content marker retains a directory in Git.","Git-tracked at ce41172e2f46f5250d9671e9427936c05fac0fa5; bytes=0; lines=0; SHA-256 prefix=E3B0C44298FC1C14.","Redundant, preview-only, or superseded content must not remain in release scope.","Visible-state, safe-rendering, or API-boundary relevance reviewed.","None","Remove","B8-01","Tracked repository","Static review completed","Individual file coverage row."
"FILE-0292","File","Frontend support","frontend/src/types/article.ts","lines 1-57","Tracked file","Tracked repository content reviewed for scope and release disposition.","Git-tracked at ce41172e2f46f5250d9671e9427936c05fac0fa5; bytes=1406; lines=57; SHA-256 prefix=30E45455EDD185FE.","No file-level release defect; material subcomponents are recorded separately.","Visible-state, safe-rendering, or API-boundary relevance reviewed.","None","Retain","B8-01","Tracked repository","Static review completed","Individual file coverage row."
"FILE-0293","File","Frontend support","frontend/src/types/dashboard.ts","lines 1-57","Tracked file","Tracked repository content reviewed for scope and release disposition.","Git-tracked at ce41172e2f46f5250d9671e9427936c05fac0fa5; bytes=1093; lines=57; SHA-256 prefix=5DC38DC7289B6004.","No file-level release defect; material subcomponents are recorded separately.","Visible-state, safe-rendering, or API-boundary relevance reviewed.","None","Retain","B8-01","Tracked repository","Static review completed","Individual file coverage row."
"FILE-0294","File","Frontend support","frontend/src/types/dashboardSummary.ts","lines 1-15","Tracked file","Tracked repository content reviewed for scope and release disposition.","Git-tracked at ce41172e2f46f5250d9671e9427936c05fac0fa5; bytes=409; lines=15; SHA-256 prefix=36FBDACAD896A5A3.","No file-level release defect; material subcomponents are recorded separately.","Visible-state, safe-rendering, or API-boundary relevance reviewed.","None","Retain","B8-01","Tracked repository","Static review completed","Individual file coverage row."
"FILE-0295","File","Frontend support","frontend/src/types/dashboardTrends.ts","lines 1-14","Tracked file","Tracked repository content reviewed for scope and release disposition.","Git-tracked at ce41172e2f46f5250d9671e9427936c05fac0fa5; bytes=459; lines=14; SHA-256 prefix=0BEDB195E77005AA.","No file-level release defect; material subcomponents are recorded separately.","Visible-state, safe-rendering, or API-boundary relevance reviewed.","None","Retain","B8-01","Tracked repository","Static review completed","Individual file coverage row."
"FILE-0296","File","Frontend support","frontend/src/types/health.ts","lines 1-6","Tracked file","Tracked repository content reviewed for scope and release disposition.","Git-tracked at ce41172e2f46f5250d9671e9427936c05fac0fa5; bytes=121; lines=6; SHA-256 prefix=27D45574F7E054BC.","No file-level release defect; material subcomponents are recorded separately.","Visible-state, safe-rendering, or API-boundary relevance reviewed.","None","Retain","B8-01","Tracked repository","Static review completed","Individual file coverage row."
"FILE-0297","File","Frontend support","frontend/src/types/vulnerability.ts","lines 1-74","Tracked file","Tracked repository content reviewed for scope and release disposition.","Git-tracked at ce41172e2f46f5250d9671e9427936c05fac0fa5; bytes=1979; lines=74; SHA-256 prefix=F98524FFEBCC7AD7.","No file-level release defect; material subcomponents are recorded separately.","Visible-state, safe-rendering, or API-boundary relevance reviewed.","None","Retain","B8-01","Tracked repository","Static review completed","Individual file coverage row."
"FILE-0298","File","Frontend support","frontend/src/utils/safeExternalUrl.ts","lines 1-43","Tracked file","Tracked repository content reviewed for scope and release disposition.","Git-tracked at ce41172e2f46f5250d9671e9427936c05fac0fa5; bytes=979; lines=43; SHA-256 prefix=E9EC863F42EC64AB.","No file-level release defect; material subcomponents are recorded separately.","Visible-state, safe-rendering, or API-boundary relevance reviewed.","None","Retain","B8-01","Tracked repository","Static review completed","Individual file coverage row."
"FILE-0299","File","Frontend support","frontend/src/utils/uaeConfidence.ts","lines 1-79","Tracked file","Tracked repository content reviewed for scope and release disposition.","Git-tracked at ce41172e2f46f5250d9671e9427936c05fac0fa5; bytes=1710; lines=79; SHA-256 prefix=D3FE0F8ACED8AC85.","No file-level release defect; material subcomponents are recorded separately.","Visible-state, safe-rendering, or API-boundary relevance reviewed.","None","Retain","B8-01","Tracked repository","Static review completed","Individual file coverage row."
"FILE-0300","File","Repository governance or configuration","frontend/tsconfig.json","lines 1-41","Tracked file","Tracked repository content reviewed for scope and release disposition.","Git-tracked at ce41172e2f46f5250d9671e9427936c05fac0fa5; bytes=744; lines=41; SHA-256 prefix=FAE7176B0C23BBAA.","No file-level release defect; material subcomponents are recorded separately.","Visible-state, safe-rendering, or API-boundary relevance reviewed.","None","Retain","B8-01","Tracked repository","Static review completed","Individual file coverage row."
"FILE-0301","File","Repository governance or configuration","frontend/tsconfig.safe-rendering.json","lines 1-19","Tracked file","Tracked repository content reviewed for scope and release disposition.","Git-tracked at ce41172e2f46f5250d9671e9427936c05fac0fa5; bytes=429; lines=19; SHA-256 prefix=43E4CEC1770B436D.","No file-level release defect; material subcomponents are recorded separately.","Visible-state, safe-rendering, or API-boundary relevance reviewed.","None","Retain","B8-01","Tracked repository","Static review completed","Individual file coverage row."
"FILE-0302","File","Repository governance or configuration","frontend/vitest.config.mts","lines 1-20","Tracked file","Tracked repository content reviewed for scope and release disposition.","Git-tracked at ce41172e2f46f5250d9671e9427936c05fac0fa5; bytes=456; lines=20; SHA-256 prefix=A277C7D0763731B6.","No file-level release defect; material subcomponents are recorded separately.","Visible-state, safe-rendering, or API-boundary relevance reviewed.","None","Retain","B8-01","Tracked repository","Static review completed","Individual file coverage row."
"FILE-0303","File","Runtime and deployment","run.cmd","lines 1-3","Tracked file","Tracked repository content reviewed for scope and release disposition.","Git-tracked at ce41172e2f46f5250d9671e9427936c05fac0fa5; bytes=108; lines=3; SHA-256 prefix=586D03E9D274FD7F.","No file-level release defect; material subcomponents are recorded separately.","Governance, evidence, or repository-hygiene relevance reviewed.","None","Retain","B9-01","Tracked repository","Static review completed","Individual file coverage row."
"FILE-0304","File","Runtime and deployment","run.ps1","lines 1-523","Tracked file","Tracked repository content reviewed for scope and release disposition.","Git-tracked at ce41172e2f46f5250d9671e9427936c05fac0fa5; bytes=17168; lines=523; SHA-256 prefix=C739158B99392893.","No file-level release defect; material subcomponents are recorded separately.","Governance, evidence, or repository-hygiene relevance reviewed.","None","Retain","B9-01","Tracked repository","Static review completed","Individual file coverage row."
"FILE-0305","File","Runtime and deployment","scripts/setup-dev.ps1","lines 1-235","Tracked file","Tracked repository content reviewed for scope and release disposition.","Git-tracked at ce41172e2f46f5250d9671e9427936c05fac0fa5; bytes=6580; lines=235; SHA-256 prefix=F4455E51987529DE.","No file-level release defect; material subcomponents are recorded separately.","Governance, evidence, or repository-hygiene relevance reviewed.","None","Retain","B9-01","Tracked repository","Static review completed","Individual file coverage row."
"API-0001","Backend route","FastAPI","backend/app/main.py","lines 88-96","GET /","Safe service status and health URL","Runtime enumeration: 8 OpenAPI application paths and 4 FastAPI documentation paths.","Route must remain bounded, sanitized, and appropriate for the final deployment boundary.","All current application routes are read-only and unauthenticated; route-level authorization is absent.","None","Retain","B9-02","HTTP reachable when backend runs","Runtime enumeration completed",""
"API-0002","Backend route","FastAPI","backend/app/api/v1/routes/health.py","lines 12-23","GET /api/health","Safe process health metadata","Runtime enumeration: 8 OpenAPI application paths and 4 FastAPI documentation paths.","Route must remain bounded, sanitized, and appropriate for the final deployment boundary.","All current application routes are read-only and unauthenticated; route-level authorization is absent.","None","Retain","B9-02","HTTP reachable when backend runs","Runtime enumeration completed",""
"API-0003","Backend route","FastAPI","backend/app/api/v1/routes/version.py","lines 16-29","GET /api/version","Safe application version metadata","Runtime enumeration: 8 OpenAPI application paths and 4 FastAPI documentation paths.","Route must remain bounded, sanitized, and appropriate for the final deployment boundary.","All current application routes are read-only and unauthenticated; route-level authorization is absent.","None","Retain","B9-02","HTTP reachable when backend runs","Runtime enumeration completed",""
"API-0004","Backend route","FastAPI","backend/app/api/v1/routes/articles.py","lines 50-111","GET /api/v1/articles","Bounded stored article list and filters","Runtime enumeration: 8 OpenAPI application paths and 4 FastAPI documentation paths.","Route must remain bounded, sanitized, and appropriate for the final deployment boundary.","All current application routes are read-only and unauthenticated; route-level authorization is absent.","None","Retain","B8-05","HTTP reachable when backend runs","Runtime enumeration completed",""
"API-0005","Backend route","FastAPI","backend/app/api/v1/routes/articles.py","lines 114-137","GET /api/v1/articles/{public_id}","Canonical UUID article detail","Runtime enumeration: 8 OpenAPI application paths and 4 FastAPI documentation paths.","Route must remain bounded, sanitized, and appropriate for the final deployment boundary.","All current application routes are read-only and unauthenticated; route-level authorization is absent.","None","Retain","B8-05","HTTP reachable when backend runs","Runtime enumeration completed",""
"API-0006","Backend route","FastAPI","backend/app/api/v1/routes/dashboard.py","lines 22-40","GET /api/v1/dashboard/summary","Database-backed KPI summary","Runtime enumeration: 8 OpenAPI application paths and 4 FastAPI documentation paths.","Route must remain bounded, sanitized, and appropriate for the final deployment boundary.","All current application routes are read-only and unauthenticated; route-level authorization is absent.","None","Retain","B8-01","HTTP reachable when backend runs","Runtime enumeration completed",""
"API-0007","Backend route","FastAPI","backend/app/api/v1/routes/intelligence.py","lines 55-125","GET /api/v1/intelligence/items","Bounded intelligence list and filters","Runtime enumeration: 8 OpenAPI application paths and 4 FastAPI documentation paths.","Route must remain bounded, sanitized, and appropriate for the final deployment boundary.","All current application routes are read-only and unauthenticated; route-level authorization is absent.","None","Retain","B8-05","HTTP reachable when backend runs","Runtime enumeration completed",""
"API-0008","Backend route","FastAPI","backend/app/api/v1/routes/intelligence.py","lines 128-153","GET /api/v1/intelligence/items/{item_public_id}","Canonical UUID intelligence detail","Runtime enumeration: 8 OpenAPI application paths and 4 FastAPI documentation paths.","Route must remain bounded, sanitized, and appropriate for the final deployment boundary.","All current application routes are read-only and unauthenticated; route-level authorization is absent.","None","Retain","B8-05","HTTP reachable when backend runs","Runtime enumeration completed",""
"API-0009","Backend route","FastAPI","backend/app/main.py","lines 44-50","GET, HEAD /openapi.json","Framework-generated OpenAPI schema","Runtime enumeration: 8 OpenAPI application paths and 4 FastAPI documentation paths.","Route must remain bounded, sanitized, and appropriate for the final deployment boundary.","All current application routes are read-only and unauthenticated; route-level authorization is absent.","None","Complete Later","B9-01","HTTP reachable when backend runs","Runtime enumeration completed",""
"API-0010","Backend route","FastAPI","backend/app/main.py","lines 44-50","GET, HEAD /docs","Framework-generated Swagger UI","Runtime enumeration: 8 OpenAPI application paths and 4 FastAPI documentation paths.","Route must remain bounded, sanitized, and appropriate for the final deployment boundary.","All current application routes are read-only and unauthenticated; route-level authorization is absent.","None","Complete Later","B9-01","HTTP reachable when backend runs","Runtime enumeration completed",""
"API-0011","Backend route","FastAPI","backend/app/main.py","lines 44-50","GET, HEAD /docs/oauth2-redirect","Framework-generated OAuth redirect helper","Runtime enumeration: 8 OpenAPI application paths and 4 FastAPI documentation paths.","Route must remain bounded, sanitized, and appropriate for the final deployment boundary.","All current application routes are read-only and unauthenticated; route-level authorization is absent.","None","Complete Later","B9-01","HTTP reachable when backend runs","Runtime enumeration completed",""
"API-0012","Backend route","FastAPI","backend/app/main.py","lines 44-50","GET, HEAD /redoc","Framework-generated ReDoc UI","Runtime enumeration: 8 OpenAPI application paths and 4 FastAPI documentation paths.","Route must remain bounded, sanitized, and appropriate for the final deployment boundary.","All current application routes are read-only and unauthenticated; route-level authorization is absent.","None","Complete Later","B9-01","HTTP reachable when backend runs","Runtime enumeration completed",""
"UI-0001","Frontend route","Next.js App Router","frontend/src/app/(dashboard)/page.tsx","lines 11-112","/","Overview renders mixed API-backed and labeled preview panels","git ls-files route discovery plus isolated local render on 2026-07-29.","Only three routes exist; most final release pages have no route.","External text is React-rendered and external URLs pass through SafeExternalLink.","None","Complete Later","B8-01","Browser reachable","Rendered locally; screenshots captured externally",""
"UI-0002","Frontend route","Next.js App Router","frontend/src/app/articles/[publicId]/page.tsx","lines 85-219","/articles/[publicId]","Article detail renders loading, sanitized error/not-found, and success states","git ls-files route discovery plus isolated local render on 2026-07-29.","Only three routes exist; most final release pages have no route.","External text is React-rendered and external URLs pass through SafeExternalLink.","None","Retain","B8-05","Browser reachable","Rendered locally; screenshots captured externally",""
"UI-0003","Frontend route","Next.js App Router","frontend/src/app/vulnerabilities/[publicId]/page.tsx","lines 154-339","/vulnerabilities/[publicId]","Vulnerability detail renders loading, sanitized error/not-found, and success states","git ls-files route discovery plus isolated local render on 2026-07-29.","Only three routes exist; most final release pages have no route.","External text is React-rendered and external URLs pass through SafeExternalLink.","None","Retain","B8-05","Browser reachable","Rendered locally; screenshots captured externally",""
"UI-0004","Sidebar item","Dashboard navigation","frontend/src/components/dashboard/Sidebar.tsx","lines 21-28, 68-80","Overview","active link; route=/","Rendered DOM and screenshot confirmed exact accessible item state.","Disabled release navigation prevents access and violates the no-Coming-Soon release target.","No frontend-only authorization is represented; disabled state is presentation only.","None","Retain","B8-01","Visible in desktop sidebar","Rendered locally",""
"UI-0005","Sidebar item","Dashboard navigation","frontend/src/components/dashboard/Sidebar.tsx","lines 21-28, 68-80","Threat Feed","disabled; Coming soon; route=none","Rendered DOM and screenshot confirmed exact accessible item state.","Disabled release navigation prevents access and violates the no-Coming-Soon release target.","No frontend-only authorization is represented; disabled state is presentation only.","None","Complete Later","B8-05","Visible in desktop sidebar","Rendered locally",""
"UI-0006","Sidebar item","Dashboard navigation","frontend/src/components/dashboard/Sidebar.tsx","lines 21-28, 68-80","Vulnerabilities","disabled; Coming soon; route=none","Rendered DOM and screenshot confirmed exact accessible item state.","Disabled release navigation prevents access and violates the no-Coming-Soon release target.","No frontend-only authorization is represented; disabled state is presentation only.","None","Complete Later","B8-05","Visible in desktop sidebar","Rendered locally",""
"UI-0007","Sidebar item","Dashboard navigation","frontend/src/components/dashboard/Sidebar.tsx","lines 21-28, 68-80","UAE Alerts","disabled; Coming soon; label differs from final UAE Intelligence; route=none","Rendered DOM and screenshot confirmed exact accessible item state.","Disabled release navigation prevents access and violates the no-Coming-Soon release target.","No frontend-only authorization is represented; disabled state is presentation only.","None","Complete Later","B8-04","Visible in desktop sidebar","Rendered locally",""
"UI-0008","Sidebar item","Dashboard navigation","frontend/src/components/dashboard/Sidebar.tsx","lines 21-28, 68-80","Sources","disabled; Coming soon; route=none","Rendered DOM and screenshot confirmed exact accessible item state.","Disabled release navigation prevents access and violates the no-Coming-Soon release target.","No frontend-only authorization is represented; disabled state is presentation only.","None","Complete Later","B8-03","Visible in desktop sidebar","Rendered locally",""
"UI-0009","Sidebar item","Dashboard navigation","frontend/src/components/dashboard/Sidebar.tsx","lines 21-28, 68-80","Methodology","disabled; Coming soon; route=none","Rendered DOM and screenshot confirmed exact accessible item state.","Disabled release navigation prevents access and violates the no-Coming-Soon release target.","No frontend-only authorization is represented; disabled state is presentation only.","None","Complete Later","B8-06","Visible in desktop sidebar","Rendered locally",""
"CTRL-0001","Visible control","Brand link","frontend/src/components/dashboard/Sidebar.tsx","lines 46-53","Alpha Data Cyber OSINT Dashboard","link to /","Complete component review; rendered control inventory where reachable.","Control must preserve honest enabled, disabled, loading, and failure states.","Inputs are bounded or local navigation; external URL controls use safe URL validation.","None","Retain","B8-01","Visible","Source and existing tests reviewed",""
"CTRL-0002","Visible control","Overview navigation","frontend/src/components/dashboard/Sidebar.tsx","lines 14, 68-80","Overview","enabled link to /","Complete component review; rendered control inventory where reachable.","Control must preserve honest enabled, disabled, loading, and failure states.","Inputs are bounded or local navigation; external URL controls use safe URL validation.","None","Retain","B8-01","Visible","Source and existing tests reviewed",""
"CTRL-0003","Visible control","Threat Feed navigation","frontend/src/components/dashboard/Sidebar.tsx","lines 15, 68-80","Threat Feed","disabled button","Complete component review; rendered control inventory where reachable.","Control must preserve honest enabled, disabled, loading, and failure states.","Inputs are bounded or local navigation; external URL controls use safe URL validation.","None","Complete Later","B8-05","Visible","Source and existing tests reviewed",""
"CTRL-0004","Visible control","Vulnerabilities navigation","frontend/src/components/dashboard/Sidebar.tsx","lines 16, 68-80","Vulnerabilities","disabled button","Complete component review; rendered control inventory where reachable.","Control must preserve honest enabled, disabled, loading, and failure states.","Inputs are bounded or local navigation; external URL controls use safe URL validation.","None","Complete Later","B8-05","Visible","Source and existing tests reviewed",""
"CTRL-0005","Visible control","UAE Alerts navigation","frontend/src/components/dashboard/Sidebar.tsx","lines 17, 68-80","UAE Alerts","disabled button","Complete component review; rendered control inventory where reachable.","Control must preserve honest enabled, disabled, loading, and failure states.","Inputs are bounded or local navigation; external URL controls use safe URL validation.","None","Complete Later","B8-04","Visible","Source and existing tests reviewed",""
"CTRL-0006","Visible control","Sources navigation","frontend/src/components/dashboard/Sidebar.tsx","lines 18, 68-80","Sources","disabled button","Complete component review; rendered control inventory where reachable.","Control must preserve honest enabled, disabled, loading, and failure states.","Inputs are bounded or local navigation; external URL controls use safe URL validation.","None","Complete Later","B8-03","Visible","Source and existing tests reviewed",""
"CTRL-0007","Visible control","Methodology navigation","frontend/src/components/dashboard/Sidebar.tsx","lines 19, 68-80","Methodology","disabled button","Complete component review; rendered control inventory where reachable.","Control must preserve honest enabled, disabled, loading, and failure states.","Inputs are bounded or local navigation; external URL controls use safe URL validation.","None","Complete Later","B8-06","Visible","Source and existing tests reviewed",""
"CTRL-0008","Visible control","Mobile navigation open","frontend/src/components/dashboard/TopHeader.tsx","lines 19-32","Open navigation","opens drawer","Complete component review; rendered control inventory where reachable.","Control must preserve honest enabled, disabled, loading, and failure states.","Inputs are bounded or local navigation; external URL controls use safe URL validation.","None","Retain","B8-01","Responsive","Source and existing tests reviewed",""
"CTRL-0009","Visible control","Mobile navigation close","frontend/src/components/dashboard/Sidebar.tsx","lines 55-65","Close navigation","closes drawer","Complete component review; rendered control inventory where reachable.","Control must preserve honest enabled, disabled, loading, and failure states.","Inputs are bounded or local navigation; external URL controls use safe URL validation.","None","Retain","B8-01","Conditional","Source and existing tests reviewed",""
"CTRL-0010","Visible control","Mobile overlay close","frontend/src/components/dashboard/DashboardShell.tsx","lines 77-84","Close navigation overlay","closes drawer","Complete component review; rendered control inventory where reachable.","Control must preserve honest enabled, disabled, loading, and failure states.","Inputs are bounded or local navigation; external URL controls use safe URL validation.","None","Retain","B8-01","Conditional","Source and existing tests reviewed",""
"CTRL-0011","Visible control","Header search","frontend/src/components/dashboard/TopHeader.tsx","lines 38-58","Search preview coming soon","read-only visual placeholder","Complete component review; rendered control inventory where reachable.","Visible nonfunctional control is prohibited at release.","Inputs are bounded or local navigation; external URL controls use safe URL validation.","None","Remove","B8-01","Visible","Source and existing tests reviewed",""
"CTRL-0012","Visible control","Vulnerability search","frontend/src/components/dashboard/VulnerabilitiesTable.tsx","lines 255-265","Search CVEs","bounded text filter","Complete component review; rendered control inventory where reachable.","Control must preserve honest enabled, disabled, loading, and failure states.","Inputs are bounded or local navigation; external URL controls use safe URL validation.","None","Retain","B8-05","Visible","Source and existing tests reviewed",""
"CTRL-0013","Visible control","Vulnerability severity","frontend/src/components/dashboard/VulnerabilitiesTable.tsx","lines 267-280","Severity","select filter","Complete component review; rendered control inventory where reachable.","Control must preserve honest enabled, disabled, loading, and failure states.","Inputs are bounded or local navigation; external URL controls use safe URL validation.","None","Retain","B8-05","Visible","Source and existing tests reviewed",""
"CTRL-0014","Visible control","Vulnerability year","frontend/src/components/dashboard/VulnerabilitiesTable.tsx","lines 283-298","Publication year","select filter","Complete component review; rendered control inventory where reachable.","Control must preserve honest enabled, disabled, loading, and failure states.","Inputs are bounded or local navigation; external URL controls use safe URL validation.","None","Retain","B8-05","Visible","Source and existing tests reviewed",""
"CTRL-0015","Visible control","Vulnerability scope","frontend/src/components/dashboard/VulnerabilitiesTable.tsx","lines 300-313","Geographic scope","select filter","Complete component review; rendered control inventory where reachable.","Control must preserve honest enabled, disabled, loading, and failure states.","Inputs are bounded or local navigation; external URL controls use safe URL validation.","None","Retain","B8-05","Visible","Source and existing tests reviewed",""
"CTRL-0016","Visible control","Vulnerability relevance","frontend/src/components/dashboard/VulnerabilitiesTable.tsx","lines 316-329","UAE relevance","select filter","Complete component review; rendered control inventory where reachable.","Control must preserve honest enabled, disabled, loading, and failure states.","Inputs are bounded or local navigation; external URL controls use safe URL validation.","None","Retain","B8-05","Visible","Source and existing tests reviewed",""
"CTRL-0017","Visible control","Vulnerability rows","frontend/src/components/dashboard/VulnerabilitiesTable.tsx","lines 332-345","Rows","page-size selector","Complete component review; rendered control inventory where reachable.","Control must preserve honest enabled, disabled, loading, and failure states.","Inputs are bounded or local navigation; external URL controls use safe URL validation.","None","Retain","B8-05","Visible","Source and existing tests reviewed",""
"CTRL-0018","Visible control","Vulnerability apply","frontend/src/components/dashboard/VulnerabilitiesTable.tsx","lines 347-348","Apply","submits filters","Complete component review; rendered control inventory where reachable.","Control must preserve honest enabled, disabled, loading, and failure states.","Inputs are bounded or local navigation; external URL controls use safe URL validation.","None","Retain","B8-05","Visible","Source and existing tests reviewed",""
"CTRL-0019","Visible control","Vulnerability clear","frontend/src/components/dashboard/VulnerabilitiesTable.tsx","lines 349-351","Clear","clears filters","Complete component review; rendered control inventory where reachable.","Control must preserve honest enabled, disabled, loading, and failure states.","Inputs are bounded or local navigation; external URL controls use safe URL validation.","None","Retain","B8-05","Visible","Source and existing tests reviewed",""
"CTRL-0020","Visible control","Vulnerability previous","frontend/src/components/dashboard/VulnerabilitiesTable.tsx","lines 452-463","Previous","bounded pagination; disabled at offset zero","Complete component review; rendered control inventory where reachable.","Control must preserve honest enabled, disabled, loading, and failure states.","Inputs are bounded or local navigation; external URL controls use safe URL validation.","None","Retain","B8-05","Visible","Source and existing tests reviewed",""
"CTRL-0021","Visible control","Vulnerability next","frontend/src/components/dashboard/VulnerabilitiesTable.tsx","lines 464-470","Next","bounded pagination; disabled without next page","Complete component review; rendered control inventory where reachable.","Control must preserve honest enabled, disabled, loading, and failure states.","Inputs are bounded or local navigation; external URL controls use safe URL validation.","None","Retain","B8-05","Visible","Source and existing tests reviewed",""
"CTRL-0022","Visible control","Article search","frontend/src/components/dashboard/LatestArticlesFeed.tsx","lines 240-250","Search articles","bounded text filter","Complete component review; rendered control inventory where reachable.","Control must preserve honest enabled, disabled, loading, and failure states.","Inputs are bounded or local navigation; external URL controls use safe URL validation.","None","Retain","B8-05","Visible","Source and existing tests reviewed",""
"CTRL-0023","Visible control","Article category","frontend/src/components/dashboard/LatestArticlesFeed.tsx","lines 252-266","Category","select filter","Complete component review; rendered control inventory where reachable.","Control must preserve honest enabled, disabled, loading, and failure states.","Inputs are bounded or local navigation; external URL controls use safe URL validation.","None","Retain","B8-05","Visible","Source and existing tests reviewed",""
"CTRL-0024","Visible control","Article source","frontend/src/components/dashboard/LatestArticlesFeed.tsx","lines 268-278","Source","allow-listed source selector","Complete component review; rendered control inventory where reachable.","Control must preserve honest enabled, disabled, loading, and failure states.","Inputs are bounded or local navigation; external URL controls use safe URL validation.","None","Retain","B8-05","Visible","Source and existing tests reviewed",""
"CTRL-0025","Visible control","Article scope","frontend/src/components/dashboard/LatestArticlesFeed.tsx","lines 281-294","Geographic scope","select filter","Complete component review; rendered control inventory where reachable.","Control must preserve honest enabled, disabled, loading, and failure states.","Inputs are bounded or local navigation; external URL controls use safe URL validation.","None","Retain","B8-05","Visible","Source and existing tests reviewed",""
"CTRL-0026","Visible control","Article relevance","frontend/src/components/dashboard/LatestArticlesFeed.tsx","lines 297-310","UAE relevance","select filter","Complete component review; rendered control inventory where reachable.","Control must preserve honest enabled, disabled, loading, and failure states.","Inputs are bounded or local navigation; external URL controls use safe URL validation.","None","Retain","B8-05","Visible","Source and existing tests reviewed",""
"CTRL-0027","Visible control","Article apply","frontend/src/components/dashboard/LatestArticlesFeed.tsx","lines 313","Apply","submits filters","Complete component review; rendered control inventory where reachable.","Control must preserve honest enabled, disabled, loading, and failure states.","Inputs are bounded or local navigation; external URL controls use safe URL validation.","None","Retain","B8-05","Visible","Source and existing tests reviewed",""
"CTRL-0028","Visible control","Article clear","frontend/src/components/dashboard/LatestArticlesFeed.tsx","lines 314-316","Clear","clears filters","Complete component review; rendered control inventory where reachable.","Control must preserve honest enabled, disabled, loading, and failure states.","Inputs are bounded or local navigation; external URL controls use safe URL validation.","None","Retain","B8-05","Visible","Source and existing tests reviewed",""
"CTRL-0029","Visible control","Article previous","frontend/src/components/dashboard/LatestArticlesFeed.tsx","lines 415-426","Previous","bounded pagination; disabled at offset zero","Complete component review; rendered control inventory where reachable.","Control must preserve honest enabled, disabled, loading, and failure states.","Inputs are bounded or local navigation; external URL controls use safe URL validation.","None","Retain","B8-05","Visible","Source and existing tests reviewed",""
"CTRL-0030","Visible control","Article next","frontend/src/components/dashboard/LatestArticlesFeed.tsx","lines 427-433","Next","bounded pagination; disabled without next page","Complete component review; rendered control inventory where reachable.","Control must preserve honest enabled, disabled, loading, and failure states.","Inputs are bounded or local navigation; external URL controls use safe URL validation.","None","Retain","B8-05","Visible","Source and existing tests reviewed",""
"CTRL-0031","Visible control","Vulnerability detail link","frontend/src/components/dashboard/VulnerabilitiesTable.tsx","lines 403-413","Open vulnerability detail","links to encoded public ID","Complete component review; rendered control inventory where reachable.","Control must preserve honest enabled, disabled, loading, and failure states.","Inputs are bounded or local navigation; external URL controls use safe URL validation.","None","Retain","B8-05","Conditional on data","Source and existing tests reviewed",""
"CTRL-0032","Visible control","Article detail link","frontend/src/components/dashboard/LatestArticlesFeed.tsx","lines 367-398","View details","links to encoded public ID","Complete component review; rendered control inventory where reachable.","Control must preserve honest enabled, disabled, loading, and failure states.","Inputs are bounded or local navigation; external URL controls use safe URL validation.","None","Retain","B8-05","Conditional on data","Source and existing tests reviewed",""
"CTRL-0033","Visible control","Article source link","frontend/src/components/dashboard/LatestArticlesFeed.tsx","lines 399-406","Open source","SafeExternalLink rejects unsafe URLs","Complete component review; rendered control inventory where reachable.","Control must preserve honest enabled, disabled, loading, and failure states.","Inputs are bounded or local navigation; external URL controls use safe URL validation.","None","Retain","B10-04","Conditional on data","Source and existing tests reviewed",""
"CTRL-0034","Visible control","Article detail back","frontend/src/app/articles/[publicId]/page.tsx","lines 139-141, 167-169, 182-184","Back to dashboard","link to /","Complete component review; rendered control inventory where reachable.","Control must preserve honest enabled, disabled, loading, and failure states.","Inputs are bounded or local navigation; external URL controls use safe URL validation.","None","Retain","B8-05","Route state dependent","Source and existing tests reviewed",""
"CTRL-0035","Visible control","Article detail source","frontend/src/app/articles/[publicId]/page.tsx","lines 185-187","Open source","SafeExternalLink","Complete component review; rendered control inventory where reachable.","Control must preserve honest enabled, disabled, loading, and failure states.","Inputs are bounded or local navigation; external URL controls use safe URL validation.","None","Retain","B10-04","Success state","Source and existing tests reviewed",""
"CTRL-0036","Visible control","Vulnerability detail back","frontend/src/app/vulnerabilities/[publicId]/page.tsx","lines 208-210, 236-238, 251-253","Back to dashboard","link to /","Complete component review; rendered control inventory where reachable.","Control must preserve honest enabled, disabled, loading, and failure states.","Inputs are bounded or local navigation; external URL controls use safe URL validation.","None","Retain","B8-05","Route state dependent","Source and existing tests reviewed",""
"CTRL-0037","Visible control","Vulnerability detail source","frontend/src/app/vulnerabilities/[publicId]/page.tsx","lines 254-256","Open source","SafeExternalLink","Complete component review; rendered control inventory where reachable.","Control must preserve honest enabled, disabled, loading, and failure states.","Inputs are bounded or local navigation; external URL controls use safe URL validation.","None","Retain","B10-04","Success state","Source and existing tests reviewed",""
"UI-0010","Coming Soon or Placeholder","Threat Feed","frontend/src/components/dashboard/Sidebar.tsx","lines 15","Threat Feed","Visible nonfunctional or placeholder presentation.","Rendered locally and confirmed against source.","Release target explicitly prohibits visible Coming Soon and dead controls.","No backend authorization or operation is implied by the disabled presentation.","None","Remove","B8-05","Visible","Rendered locally",""
"UI-0011","Coming Soon or Placeholder","Vulnerabilities","frontend/src/components/dashboard/Sidebar.tsx","lines 16","Vulnerabilities","Visible nonfunctional or placeholder presentation.","Rendered locally and confirmed against source.","Release target explicitly prohibits visible Coming Soon and dead controls.","No backend authorization or operation is implied by the disabled presentation.","None","Remove","B8-05","Visible","Rendered locally",""
"UI-0012","Coming Soon or Placeholder","UAE Alerts","frontend/src/components/dashboard/Sidebar.tsx","lines 17","UAE Alerts","Visible nonfunctional or placeholder presentation.","Rendered locally and confirmed against source.","Release target explicitly prohibits visible Coming Soon and dead controls.","No backend authorization or operation is implied by the disabled presentation.","None","Remove","B8-04","Visible","Rendered locally",""
"UI-0013","Coming Soon or Placeholder","Sources","frontend/src/components/dashboard/Sidebar.tsx","lines 18","Sources","Visible nonfunctional or placeholder presentation.","Rendered locally and confirmed against source.","Release target explicitly prohibits visible Coming Soon and dead controls.","No backend authorization or operation is implied by the disabled presentation.","None","Remove","B8-03","Visible","Rendered locally",""
"UI-0014","Coming Soon or Placeholder","Methodology","frontend/src/components/dashboard/Sidebar.tsx","lines 19","Methodology","Visible nonfunctional or placeholder presentation.","Rendered locally and confirmed against source.","Release target explicitly prohibits visible Coming Soon and dead controls.","No backend authorization or operation is implied by the disabled presentation.","None","Remove","B8-06","Visible","Rendered locally",""
"UI-0015","Coming Soon or Placeholder","Search shell","frontend/src/components/dashboard/TopHeader.tsx","lines 38-58","Search shell","Visible nonfunctional or placeholder presentation.","Rendered locally and confirmed against source.","Release target explicitly prohibits visible Coming Soon and dead controls.","No backend authorization or operation is implied by the disabled presentation.","None","Remove","B8-01","Visible","Rendered locally",""
"UI-0016","Coming Soon or Placeholder","Search operational status","frontend/src/data/dashboardPreview.ts","lines 113-119","Search operational status","Visible nonfunctional or placeholder presentation.","Rendered locally and confirmed against source.","Release target explicitly prohibits visible Coming Soon and dead controls.","No backend authorization or operation is implied by the disabled presentation.","None","Remove","B8-01","Visible","Rendered locally",""
"DATA-0001","Preview/mock/sample state","Unused preview KPI export","frontend/src/data/dashboardPreview.ts","8-33","Unused preview KPI export","Four deterministic KPI values are exported but no production component imports them.","Import/reference search and complete source review at checkpoint.","Preview or dead sample state must not remain in the release UI.","Synthetic data contains no secrets or real targets; production visibility is separately prohibited.","None","Remove","B8-01","Unreachable","Static review completed",""
"DATA-0002","Preview/mock/sample state","Unused preview item export","frontend/src/data/dashboardPreview.ts","35-99","Unused preview item export","Five fictional intelligence items are exported but no production component imports them.","Import/reference search and complete source review at checkpoint.","Preview or dead sample state must not remain in the release UI.","Synthetic data contains no secrets or real targets; production visibility is separately prohibited.","None","Remove","B8-01","Unreachable","Static review completed",""
"DATA-0003","Preview/mock/sample state","Visible operational preview","frontend/src/data/dashboardPreview.ts","101-120","Visible operational preview","Three static status rows render on Overview.","Import/reference search and complete source review at checkpoint.","Preview or dead sample state must not remain in the release UI.","Synthetic data contains no secrets or real targets; production visibility is separately prohibited.","None","Remove","B8-01","Visible","Static review completed",""
"DATA-0004","Preview/mock/sample state","Visible collection preview","frontend/src/data/dashboardPreview.ts","122-129","Visible collection preview","Six deterministic P1-12 counts render without a database query.","Import/reference search and complete source review at checkpoint.","Preview or dead sample state must not remain in the release UI.","Synthetic data contains no secrets or real targets; production visibility is separately prohibited.","None","Remove","B8-01","Visible","Static review completed",""
"DATA-0005","Preview/mock/sample state","Sidebar preview badge","frontend/src/components/dashboard/Sidebar.tsx","92-99","Sidebar preview badge","Phase 1 shell and Synthetic preview are visible.","Import/reference search and complete source review at checkpoint.","Preview or dead sample state must not remain in the release UI.","Synthetic data contains no secrets or real targets; production visibility is separately prohibited.","None","Remove","B8-01","Visible","Static review completed",""
"DATA-0006","Preview/mock/sample state","Header preview badge","frontend/src/components/dashboard/TopHeader.tsx","61-64","Header preview badge","Synthetic preview is visible in the header.","Import/reference search and complete source review at checkpoint.","Preview or dead sample state must not remain in the release UI.","Synthetic data contains no secrets or real targets; production visibility is separately prohibited.","None","Remove","B8-01","Visible","Static review completed",""
"DATA-0007","Preview/mock/sample state","Workflow preview claims","frontend/src/app/(dashboard)/page.tsx","93-111","Workflow preview claims","Normalize, Review, and future Report claims are static preview prose.","Import/reference search and complete source review at checkpoint.","Preview or dead sample state must not remain in the release UI.","Synthetic data contains no secrets or real targets; production visibility is separately prohibited.","None","Remove","B8-01","Visible","Static review completed",""
"DATA-0008","Preview/mock/sample state","Deterministic development seed","backend/app/dev_data/dataset.py","whole dataset","Deterministic development seed","Synthetic dataset is manual, deterministic, idempotent, and production-refusing.","Import/reference search and complete source review at checkpoint.","Safe only within explicit development or test boundaries.","Synthetic data contains no secrets or real targets; production visibility is separately prohibited.","None","Retain","B1-06","Manual development only","Static review completed",""
"DATA-0009","Preview/mock/sample state","Frontend synthetic test fixtures","frontend/src/test/fixtures.ts","whole file","Frontend synthetic test fixtures","Synthetic API objects are used only by offline frontend tests.","Import/reference search and complete source review at checkpoint.","Safe only within explicit development or test boundaries.","Synthetic data contains no secrets or real targets; production visibility is separately prohibited.","None","Retain","B10-07","Test-only","Static review completed",""
"DATA-0010","Preview/mock/sample state","Backend mocked and fixture tests","backend/tests","test suite","Backend mocked and fixture tests","External requests and ingestion behaviour are primarily validated with synthetic offline fixtures and mocks.","Import/reference search and complete source review at checkpoint.","Safe only within explicit development or test boundaries.","Synthetic data contains no secrets or real targets; production visibility is separately prohibited.","None","Retain","B10-07","Test-only","Static review completed",""
"UI-0017","Release page","Overview","frontend/src/app/(dashboard)/page.tsx","route and navigation inventory","/","Navigation=Yes; renders=Yes; data/support=Mixed API-backed and preview","git ls-files route inventory, Sidebar source, runtime rendering, and backend OpenAPI enumeration.","Required release page is not independently operational unless noted.","Permission, stale, disabled, loading, empty, and error states require completion with backend authorization where applicable.","None","Complete Later","B8-01","Visible or represented","Current state verified; future state not claimed",""
"UI-0018","Release page","Threat Feed","frontend/src/components/dashboard/Sidebar.tsx","route and navigation inventory","none","Navigation=Disabled Coming soon item; renders=No; data/support=Embedded article feed only","git ls-files route inventory, Sidebar source, runtime rendering, and backend OpenAPI enumeration.","Required release page is not independently operational unless noted.","Permission, stale, disabled, loading, empty, and error states require completion with backend authorization where applicable.","None","Complete Later","B8-05","Visible or represented","Current state verified; future state not claimed",""
"UI-0019","Release page","Vulnerabilities","frontend/src/components/dashboard/Sidebar.tsx","route and navigation inventory","none","Navigation=Disabled Coming soon item; renders=No; data/support=Embedded table and dynamic detail route only","git ls-files route inventory, Sidebar source, runtime rendering, and backend OpenAPI enumeration.","Required release page is not independently operational unless noted.","Permission, stale, disabled, loading, empty, and error states require completion with backend authorization where applicable.","None","Complete Later","B8-05","Visible or represented","Current state verified; future state not claimed",""
"UI-0020","Release page","UAE Intelligence","frontend/src/components/dashboard/Sidebar.tsx","route and navigation inventory","none","Navigation=UAE Alerts disabled item; renders=No; data/support=No dedicated backend/page; article/intelligence filters exist","git ls-files route inventory, Sidebar source, runtime rendering, and backend OpenAPI enumeration.","Required release page is not independently operational unless noted.","Permission, stale, disabled, loading, empty, and error states require completion with backend authorization where applicable.","None","Complete Later","B8-04","Visible or represented","Current state verified; future state not claimed",""
"UI-0021","Release page","IOC Search","frontend/src/components/dashboard/Sidebar.tsx","route and navigation inventory","none","Navigation=No; renders=No; data/support=Indicator models exist; no API or page","git ls-files route inventory, Sidebar source, runtime rendering, and backend OpenAPI enumeration.","Required release page is not independently operational unless noted.","Permission, stale, disabled, loading, empty, and error states require completion with backend authorization where applicable.","None","Complete Later","B8-05","Absent","Current state verified; future state not claimed",""
"UI-0022","Release page","Ingestion Operations","frontend/src/components/dashboard/Sidebar.tsx","route and navigation inventory","none","Navigation=No; renders=No; data/support=Manual CLIs only; no operator API/page","git ls-files route inventory, Sidebar source, runtime rendering, and backend OpenAPI enumeration.","Required release page is not independently operational unless noted.","Permission, stale, disabled, loading, empty, and error states require completion with backend authorization where applicable.","None","Complete Later","B8-02","Absent","Current state verified; future state not claimed",""
"UI-0023","Release page","Sources","frontend/src/components/dashboard/Sidebar.tsx","route and navigation inventory","none","Navigation=Disabled Coming soon item; renders=No; data/support=Source registry exists; no page/API","git ls-files route inventory, Sidebar source, runtime rendering, and backend OpenAPI enumeration.","Required release page is not independently operational unless noted.","Permission, stale, disabled, loading, empty, and error states require completion with backend authorization where applicable.","None","Complete Later","B8-03","Visible or represented","Current state verified; future state not claimed",""
"UI-0024","Release page","Run History","frontend/src/components/dashboard/Sidebar.tsx","route and navigation inventory","none","Navigation=No; renders=No; data/support=Run models exist; no page/API","git ls-files route inventory, Sidebar source, runtime rendering, and backend OpenAPI enumeration.","Required release page is not independently operational unless noted.","Permission, stale, disabled, loading, empty, and error states require completion with backend authorization where applicable.","None","Complete Later","B8-03","Absent","Current state verified; future state not claimed",""
"UI-0025","Release page","Reports","frontend/src/components/dashboard/Sidebar.tsx","route and navigation inventory","none","Navigation=No; renders=No; data/support=Static future-reporting claim only","git ls-files route inventory, Sidebar source, runtime rendering, and backend OpenAPI enumeration.","Required release page is not independently operational unless noted.","Permission, stale, disabled, loading, empty, and error states require completion with backend authorization where applicable.","None","Complete Later","B8-06","Absent","Current state verified; future state not claimed",""
"UI-0026","Release page","System Health","frontend/src/components/dashboard/Sidebar.tsx","route and navigation inventory","none","Navigation=No; renders=No; data/support=Embedded health card and health API only","git ls-files route inventory, Sidebar source, runtime rendering, and backend OpenAPI enumeration.","Required release page is not independently operational unless noted.","Permission, stale, disabled, loading, empty, and error states require completion with backend authorization where applicable.","None","Complete Later","B8-06","Absent","Current state verified; future state not claimed",""
"UI-0027","Release page","Audit Log","frontend/src/components/dashboard/Sidebar.tsx","route and navigation inventory","none","Navigation=No; renders=No; data/support=Ingestion audit models exist; no authenticated audit page/API","git ls-files route inventory, Sidebar source, runtime rendering, and backend OpenAPI enumeration.","Required release page is not independently operational unless noted.","Permission, stale, disabled, loading, empty, and error states require completion with backend authorization where applicable.","None","Complete Later","B8-06","Absent","Current state verified; future state not claimed",""
"UI-0028","Release page","Methodology","frontend/src/components/dashboard/Sidebar.tsx","route and navigation inventory","none","Navigation=Disabled Coming soon item; renders=No; data/support=Documentation exists; no rendered route","git ls-files route inventory, Sidebar source, runtime rendering, and backend OpenAPI enumeration.","Required release page is not independently operational unless noted.","Permission, stale, disabled, loading, empty, and error states require completion with backend authorization where applicable.","None","Complete Later","B8-06","Visible or represented","Current state verified; future state not claimed",""
"SCOPE-0001","Removed or conditional feature","Separate Threat Entities page","repository-wide","repository-wide search","Separate Threat Entities page","No current route or sidebar item; safe metadata models/references exist.","Case-insensitive repository search plus route/navigation inventory.","Must not become a visible nonfunctional release item.","Prohibited and approval-gated capabilities remain absent or metadata-only.","None","Remove","B8-01","Not visible","Repository-wide search completed",""
"SCOPE-0002","Removed or conditional feature","Advanced threat graph","repository-wide","repository-wide search","Advanced threat graph","No current route or control.","Case-insensitive repository search plus route/navigation inventory.","Must not become a visible nonfunctional release item.","Prohibited and approval-gated capabilities remain absent or metadata-only.","None","Remove","B0-03","Not visible","Repository-wide search completed",""
"SCOPE-0003","Removed or conditional feature","Machine-learning predictions","repository-wide","repository-wide search","Machine-learning predictions","No model or UI; deterministic classifier docs explicitly exclude ML.","Case-insensitive repository search plus route/navigation inventory.","Must not become a visible nonfunctional release item.","Prohibited and approval-gated capabilities remain absent or metadata-only.","None","Remove","B0-03","Not visible","Repository-wide search completed",""
"SCOPE-0004","Removed or conditional feature","Automated blocking or SOAR","repository-wide","repository-wide search","Automated blocking or SOAR","No implementation or control.","Case-insensitive repository search plus route/navigation inventory.","Must not become a visible nonfunctional release item.","Prohibited and approval-gated capabilities remain absent or metadata-only.","None","Remove","B0-03","Not visible","Repository-wide search completed",""
"SCOPE-0005","Removed or conditional feature","Malware processing or file upload","repository-wide","repository-wide search","Malware processing or file upload","No upload/retrieval control; safe STIX malware metadata references only.","Case-insensitive repository search plus route/navigation inventory.","Must not become a visible nonfunctional release item.","Prohibited and approval-gated capabilities remain absent or metadata-only.","None","Remove","B0-03","Not visible","Repository-wide search completed",""
"SCOPE-0006","Removed or conditional feature","Intelligence chatbot","repository-wide","repository-wide search","Intelligence chatbot","No implementation or control.","Case-insensitive repository search plus route/navigation inventory.","Must not become a visible nonfunctional release item.","Prohibited and approval-gated capabilities remain absent or metadata-only.","None","Remove","B0-03","Not visible","Repository-wide search completed",""
"SCOPE-0007","Removed or conditional feature","Slack, Teams, or email alerting","repository-wide","repository-wide search","Slack, Teams, or email alerting","No implementation or control.","Case-insensitive repository search plus route/navigation inventory.","Must not become a visible nonfunctional release item.","Prohibited and approval-gated capabilities remain absent or metadata-only.","None","Remove","B0-03","Not visible","Repository-wide search completed",""
"SCOPE-0008","Removed or conditional feature","Mobile application","repository-wide","repository-wide search","Mobile application","Responsive web shell only; no mobile app.","Case-insensitive repository search plus route/navigation inventory.","Must not become a visible nonfunctional release item.","Prohibited and approval-gated capabilities remain absent or metadata-only.","None","Remove","B0-03","Not visible","Repository-wide search completed",""
"SCOPE-0009","Removed or conditional feature","Custom dashboard builder","repository-wide","repository-wide search","Custom dashboard builder","No implementation or control.","Case-insensitive repository search plus route/navigation inventory.","Must not become a visible nonfunctional release item.","Prohibited and approval-gated capabilities remain absent or metadata-only.","None","Remove","B0-03","Not visible","Repository-wide search completed",""
"SCOPE-0010","Removed or conditional feature","Multi-tenant customer platform","repository-wide","repository-wide search","Multi-tenant customer platform","No tenant model or customer platform.","Case-insensitive repository search plus route/navigation inventory.","Must not become a visible nonfunctional release item.","Prohibited and approval-gated capabilities remain absent or metadata-only.","None","Remove","B0-03","Not visible","Repository-wide search completed",""
"SCOPE-0011","Removed or conditional feature","Kubernetes deployment","repository-wide","repository-wide search","Kubernetes deployment","Documentation states it is not implemented.","Case-insensitive repository search plus route/navigation inventory.","Must not become a visible nonfunctional release item.","Prohibited and approval-gated capabilities remain absent or metadata-only.","None","Remove","B9-06","Not visible","Repository-wide search completed",""
"SCOPE-0012","Removed or conditional feature","Advanced SSO","repository-wide","repository-wide search","Advanced SSO","No implementation; local RBAC remains required.","Case-insensitive repository search plus route/navigation inventory.","Must not become a visible nonfunctional release item.","Prohibited and approval-gated capabilities remain absent or metadata-only.","None","Approval-Gated / Disabled Safely","B7-01","Not visible","Repository-wide search completed",""
"DB-0001","Database boundary","SQLAlchemy metadata","backend/app/models","complete component","SQLAlchemy metadata","13 mapped tables with named checks, indexes, uniqueness, and explicit foreign-key delete behaviour.","Mapper metadata introspection, migration review, and transaction/SQL pattern search.","Database integrity depends on preserving constraints and transaction boundaries.","No dynamic untrusted SQL identified; raw SQL is limited to static index predicates/migrations.","None","Retain","B1-02","Backend-only","Runtime metadata and static review completed",""
"DB-0002","Database boundary","Migration chain","backend/alembic/versions","complete component","Migration chain","Three committed migrations form one linear head c4e8b2a91d30.","Mapper metadata introspection, migration review, and transaction/SQL pattern search.","Database integrity depends on preserving constraints and transaction boundaries.","No dynamic untrusted SQL identified; raw SQL is limited to static index predicates/migrations.","None","Retain","B1-02","Backend-only","Runtime metadata and static review completed",""
"DB-0003","Database boundary","Transaction ownership","backend/app/ingestion","complete component","Transaction ownership","Manual CLIs/services use explicit flush, commit, rollback, and nested savepoints; no startup transaction.","Mapper metadata introspection, migration review, and transaction/SQL pattern search.","Database integrity depends on preserving constraints and transaction boundaries.","No dynamic untrusted SQL identified; raw SQL is limited to static index predicates/migrations.","None","Retain","B1-06","Backend-only","Runtime metadata and static review completed",""
"DB-0004","Database boundary","SQL construction","backend/app/services","complete component","SQL construction","SQLAlchemy statements are used; static search found no untrusted SQL string concatenation.","Mapper metadata introspection, migration review, and transaction/SQL pattern search.","Database integrity depends on preserving constraints and transaction boundaries.","No dynamic untrusted SQL identified; raw SQL is limited to static index predicates/migrations.","None","Retain","B10-03","Backend-only","Runtime metadata and static review completed",""
"INGEST-0001","Ingestion boundary","Source registry","backend/app/ingestion/source_registry.py","342-559","Source registry","Eleven implemented, enabled, unauthenticated approved source identities; enabled does not itself authorize collection.","Complete collector/adapter/service/CLI/source-policy scan and existing negative tests.","Uncontrolled external access, silent partial failure, or premature checkpoints would affect integrity.","No scanning, malware retrieval, file submission, arbitrary host, or startup ingestion path identified.","None","Retain","B3-01","Backend/manual","Static review completed; no live source request made",""
"INGEST-0002","Ingestion boundary","External clients","backend/app/ingestion/collectors","complete directory","External clients","Fixed HTTPS hosts/paths, bounded timeouts and sizes, redirect policy, sanitized failures, and offline tests.","Complete collector/adapter/service/CLI/source-policy scan and existing negative tests.","Uncontrolled external access, silent partial failure, or premature checkpoints would affect integrity.","No scanning, malware retrieval, file submission, arbitrary host, or startup ingestion path identified.","None","Retain","B3-01","Backend/manual","Static review completed; no live source request made",""
"INGEST-0003","Ingestion boundary","Manual execution","backend/app/ingestion","CLI entry points","Manual execution","Ingestion is explicit manual CLI only; no startup, public API, background worker, or scheduler.","Complete collector/adapter/service/CLI/source-policy scan and existing negative tests.","Uncontrolled external access, silent partial failure, or premature checkpoints would affect integrity.","No scanning, malware retrieval, file submission, arbitrary host, or startup ingestion path identified.","None","Complete Later","B2-01","Backend/manual","Static review completed; no live source request made",""
"INGEST-0004","Ingestion boundary","STIX local import","backend/app/ingestion/stix_taxii","complete directory","STIX local import","Bounded local safe-payload import and fixed-policy TAXII client foundation; no live TAXII route/CLI validation.","Complete collector/adapter/service/CLI/source-policy scan and existing negative tests.","Uncontrolled external access, silent partial failure, or premature checkpoints would affect integrity.","No scanning, malware retrieval, file submission, arbitrary host, or startup ingestion path identified.","None","Approval-Gated / Disabled Safely","B6-01","Backend/manual","Static review completed; no live source request made",""
"INGEST-0005","Ingestion boundary","Partial failure evidence","backend/app/ingestion","services and CLIs","Partial failure evidence","Run/error/record evidence and partial outcomes are persisted with explicit rollback paths.","Complete collector/adapter/service/CLI/source-policy scan and existing negative tests.","Uncontrolled external access, silent partial failure, or premature checkpoints would affect integrity.","No scanning, malware retrieval, file submission, arbitrary host, or startup ingestion path identified.","None","Retain","B2-04","Backend/manual","Static review completed; no live source request made",""
"DEPLOY-0001","Deployment assumption","Development Compose","docker-compose.yml","1-71","Development Compose","Development defaults expose database/backend/frontend ports and include explicit local-only placeholder credentials, DEBUG=true, and ENABLE_ADMIN_INGESTION=true.","Configuration, Dockerfile, runner, template, and deployment-document review.","Development defaults or missing external controls must not reach staging as production settings.","Production configuration fails closed on required values; external TLS, backup, monitoring, and secrets remain deployment responsibilities.","None","Accepted Limitation","B9-01","Runtime/deployment","Static review; Compose command availability recorded separately",""
"DEPLOY-0002","Deployment assumption","Production Compose","compose.prod.yml","1-149","Production Compose","Requires database/CORS/API values, uses production images, drops capabilities, uses no-new-privileges, health checks, and loopback-configurable binds.","Configuration, Dockerfile, runner, template, and deployment-document review.","Development defaults or missing external controls must not reach staging as production settings.","Production configuration fails closed on required values; external TLS, backup, monitoring, and secrets remain deployment responsibilities.","None","Retain","B9-01","Runtime/deployment","Static review; Compose command availability recorded separately",""
"DEPLOY-0003","Deployment assumption","Backend images","backend/Dockerfile; backend/Dockerfile.prod","complete files","Backend images","Non-root application images; production image packages Alembic assets.","Configuration, Dockerfile, runner, template, and deployment-document review.","Development defaults or missing external controls must not reach staging as production settings.","Production configuration fails closed on required values; external TLS, backup, monitoring, and secrets remain deployment responsibilities.","None","Retain","B9-01","Runtime/deployment","Static review; Compose command availability recorded separately",""
"DEPLOY-0004","Deployment assumption","Frontend images","frontend/Dockerfile; frontend/Dockerfile.prod","complete files","Frontend images","Development and standalone production Next.js images.","Configuration, Dockerfile, runner, template, and deployment-document review.","Development defaults or missing external controls must not reach staging as production settings.","Production configuration fails closed on required values; external TLS, backup, monitoring, and secrets remain deployment responsibilities.","None","Retain","B9-01","Runtime/deployment","Static review; Compose command availability recorded separately",""
"DEPLOY-0005","Deployment assumption","Local runner","run.cmd; run.ps1","complete files","Local runner","Setup/test/docker/dev orchestration; no ingestion invocation.","Configuration, Dockerfile, runner, template, and deployment-document review.","Development defaults or missing external controls must not reach staging as production settings.","Production configuration fails closed on required values; external TLS, backup, monitoring, and secrets remain deployment responsibilities.","None","Retain","B9-01","Runtime/deployment","Static review; Compose command availability recorded separately",""
"DEPLOY-0006","Deployment assumption","Environment templates",".env.example; .env.production.example; backend/.env.example; frontend/.env.example","complete files","Environment templates","Templates separate development and required production values; no real secrets are tracked.","Configuration, Dockerfile, runner, template, and deployment-document review.","Development defaults or missing external controls must not reach staging as production settings.","Production configuration fails closed on required values; external TLS, backup, monitoring, and secrets remain deployment responsibilities.","None","Retain","B1-01","Runtime/deployment","Static review; Compose command availability recorded separately",""
"DEPLOY-0007","Deployment assumption","TLS and reverse proxy","docs/production-docker-deployment.md","13-21, 540-548","TLS and reverse proxy","External approved TLS/proxy and production controls are required and not included in repository runtime.","Configuration, Dockerfile, runner, template, and deployment-document review.","Development defaults or missing external controls must not reach staging as production settings.","Production configuration fails closed on required values; external TLS, backup, monitoring, and secrets remain deployment responsibilities.","None","Accepted Limitation","B9-02","Runtime/deployment","Static review; Compose command availability recorded separately",""
"DEPLOY-0008","Deployment assumption","Prefect runtime","repository-wide","no matching implementation","Prefect runtime","No Prefect dependency, server, worker, flow, deployment, schedule, or operator surface exists.","Configuration, Dockerfile, runner, template, and deployment-document review.","Development defaults or missing external controls must not reach staging as production settings.","Production configuration fails closed on required values; external TLS, backup, monitoring, and secrets remain deployment responsibilities.","None","Complete Later","B2-01","Runtime/deployment","Static review; Compose command availability recorded separately",""
"SEC-0001","Finding","Required release-page gap","frontend/src/app/(dashboard)/page.tsx; frontend/src/components/dashboard/Sidebar.tsx","dashboard page; Sidebar.tsx lines 21-28","Required release-page gap","Eleven required top-level routes are absent and the existing Overview remains incomplete.","git ls-files and runtime route enumeration found only Overview plus two dynamic detail routes; UI-0017 through UI-0028 record every required page.","Required release navigation and functionality are broken at the frozen release boundary.","A required release function is absent; no hypothetical page outside the frozen 12-page scope was counted.","BLOCKER","Complete Later","B8-01","Visible Overview and repository-wide route gap","Static, runtime, and rendered review completed",""
"SEC-0002","Finding","Visible Coming Soon and dead controls","frontend/src/components/dashboard/Sidebar.tsx; frontend/src/components/dashboard/TopHeader.tsx; frontend/src/data/dashboardPreview.ts","Sidebar.tsx lines 21-28 and 68-80; TopHeader.tsx lines 38-58; dashboardPreview.ts lines 101-120","Visible Coming Soon and dead controls","Five disabled sidebar items and one read-only search shell are visible; a duplicate Search Coming soon status is also visible.","Complete component review plus rendered Overview screenshot and DOM inspection confirmed the disabled items, readOnly input, placeholder text, and static status.","Visible nonfunctional controls violate the explicit release target and prevent required navigation.","Disabled presentation does not enforce authorization and must not be mistaken for an operational boundary.","BLOCKER","Remove","B8-01","Visible on Overview","Source, tests, DOM, and screenshot reviewed",""
"SEC-0003","Finding","Visible synthetic preview behaviour","frontend/src/data/dashboardPreview.ts; frontend/src/app/(dashboard)/page.tsx; frontend/src/components/dashboard/Sidebar.tsx; frontend/src/components/dashboard/TopHeader.tsx","dashboardPreview.ts lines 101-129; dashboard page lines 64-121; Sidebar.tsx lines 92-98; TopHeader.tsx lines 61-64","Visible synthetic preview behaviour","Static collection counts, status rows, preview badges, and workflow claims render on the production route.","Import/reference tracing and rendered Overview confirmed operationalStatuses, collectionOverview, preview badges, and workflow preview prose in production components.","Production-visible synthetic state violates the no-demo-only-production-behaviour release target.","The data is safe synthetic metadata, but users could misinterpret it as current operational state.","BLOCKER","Remove","B8-01","Visible on Overview","Source, import, DOM, and screenshot reviewed",""
"SEC-0004","Finding","Authentication and RBAC absent","backend/app/main.py; backend/app/api/v1/routes","main.py lines 67-71; all registered route functions and dependencies","Authentication and RBAC absent","All application routes are GET-only but have no authentication, role, permission, session, or audit-event dependency.","Runtime OpenAPI listed eight public GET paths; complete main/router review found no authentication dependency, role check, permission check, or session boundary.","The frozen release requires local RBAC and protected operational/audit functions; those controls do not exist.","This is an absent required authorization boundary, not a frontend-hiding finding.","BLOCKER","Complete Later","B7-01","All current backend application routes","Static and runtime route review completed",""
"SEC-0005","Finding","Prefect and operator controls absent","backend/requirements.txt; docker-compose.yml; compose.prod.yml; frontend/src/data/dashboardPreview.ts","requirements.txt lines 1-15; Compose service definitions; dashboardPreview.ts lines 109-118","Prefect and operator controls absent","No required two-hour Prefect cycle, worker, retries/backoff orchestration, pause/retry/enable/disable API, or operations page exists.","Repository-wide dependency/symbol search found no Prefect package, flow, deployment, worker, or service; runtime routes contain no operator API and the visible ingestion state is Planned.","Required ingestion orchestration and operator functionality are broken at the frozen release boundary.","No live action was attempted; the finding is the evidence-backed absence of required defensive orchestration.","BLOCKER","Complete Later","B2-01","Repository-wide and visible Overview status","Static, dependency, route, and rendered review completed",""
"SEC-0006","Finding","Unused APScheduler dependency","backend/requirements.txt","line 13","Unused APScheduler dependency","Line 13 retains apscheduler while governance requires Prefect as the single scheduler.","Repository-wide import/symbol search found the package declaration but no application import or scheduler construction.","Leaving the unused second-scheduler dependency creates avoidable dependency and architecture drift.","Removing it later reduces unused attack surface without changing current behaviour.","FOLLOW-UP","Remove","B2-01","Installed dependency declaration only","Static reference search completed",""
"SEC-0007","Finding","Automatic API documentation surfaces","backend/app/main.py","FastAPI construction lines 44-49; runtime framework routes","Automatic API documentation surfaces","Default /openapi.json, /docs, /docs/oauth2-redirect, and /redoc surfaces are enabled without a production-specific decision.","FastAPI is constructed without production overrides for documentation URLs; runtime enumeration confirmed all four framework surfaces.","Production exposure requires an explicit deployment decision; current application behaviour is functional and bounded.","Schema exposure is a later production-hardening decision, not a demonstrated current authorization bypass.","FOLLOW-UP","Complete Later","B9-01","Reachable in current local backend runtime","Static and runtime enumeration completed",""
"SEC-0008","Finding","Proxy-level request controls","compose.prod.yml; docs/production-docker-deployment.md","production deployment guide lines 526 and 543; production Compose service/port definitions","Proxy-level request controls","Application GET routes are bounded but no in-process public API rate limiter exists; production proxy controls are external.","Dependency/middleware review found no in-process limiter; deployment documentation states no reverse proxy is included and requires TLS/trusted-proxy controls externally.","Public staging must add bounded proxy controls, but current read-only routes retain input and pagination limits.","This is later deployment hardening, not evidence of an unsafe current mutation path.","FOLLOW-UP","Complete Later","B9-02","External production boundary","Static configuration and documentation review completed",""
"SEC-0009","Finding","Redundant tracked markers and dead exports","tracked .gitkeep files; frontend/src/data/dashboardPreview.ts","16 tracked .gitkeep paths; dashboardPreview.ts lines 8-99","Redundant tracked markers and dead exports","Twelve .gitkeep markers sit in nonempty or superseded directories and two preview exports have no production import.","git ls-files found 16 markers; directory inspection classified 12 as redundant. Import search found no production consumer for dashboardKpis or previewIntelligenceItems.","Harmless dead repository content increases review noise but does not break runtime behaviour.","Historical/test boundaries remain retained; removal belongs to later scoped cleanup.","FOLLOW-UP","Remove","B8-01","Tracked but not operationally reachable","Tracked-path and import/reference review completed",""
"SEC-0010","Finding","Export/report security not yet applicable","frontend/src/app; backend/app/api/v1/routes","complete current frontend and backend route sets","Export/report security not yet applicable","No Reports route or CSV/PDF export control exists, so CSV formula injection and report authorization require later implementation review.","git ls-files and runtime route enumeration found no report/export page, action, endpoint, or serialization path.","Future export implementation needs formula-injection, authorization, size, and content controls.","No finding was created for a nonexistent unsafe export implementation.","FOLLOW-UP","Complete Later","B8-06","Not currently reachable because feature is absent","Static and runtime route review completed",""
"SEC-0011","Finding","Development defaults isolated","docker-compose.yml; compose.prod.yml","docker-compose.yml lines 7-11 and 31-43; compose.prod.yml lines 21-23, 56-66, and 127-136","Development defaults isolated","Development Compose has local placeholder credentials/debug/admin flags; production Compose separately requires values and forces production mode.","Complete configuration review and successful docker-compose config validation confirmed explicit development defaults and required production substitutions.","Development configuration is unsafe for staging if misused, but the separate production definition fails closed on required values.","The limitation is bounded by using compose.prod.yml and approved environment controls for staging.","ACCEPTED LIMITATION","Accepted Limitation","B9-01","Development-only configuration boundary","Static and Compose validation completed",""
"SEC-0012","Finding","Workbook unavailable in active filesystem","external supplied evidence","supplied task section 2; repository and parent-tree search","Workbook unavailable in active filesystem","The supplied workbook checksum and prior independent findings were accepted, but the workbook was not present to re-open or re-hash.","The task supplied SHA-256 5EBFCE55A401DDB2345529CF95B29A1339F3DC259B04C9B62353ECAB1726F777; filesystem search found no workbook to verify.","Audit planning evidence is qualified rather than represented as independently current.","No workbook content was changed and no unverified hash was claimed as re-computed.","ACCEPTED LIMITATION","Accepted Limitation","B0-03","Evidence limitation","Filesystem search and qualification completed",""
"SEC-0013","Finding","B0-01 PDF unavailable","external supplied evidence","supplied task section 2 limitation 1","B0-01 PDF unavailable","The original B0-01 PDF contents and hash were not independently verified in this run.","The supplied acceptance contract explicitly states the PDF is unavailable; no PDF was present in the active evidence set.","B0-01 narrative evidence cannot be independently reviewed in this audit unit.","Repository checkpoint and committed B0-01 files remain independently verifiable.","ACCEPTED LIMITATION","Accepted Limitation","B0-03","Evidence limitation","Qualified exactly as supplied",""
"SEC-0014","Finding","Reconstructed B0-01 ZIP","external supplied evidence","supplied task section 2 limitation 2","Reconstructed B0-01 ZIP","The B0-01 focused ZIP evidence is reconstructed from ce41172 and must not be described as the original.","The task supplies reconstructed checksum 30755A721E684767B4239C3C31A53582FDB323483E2AB202C937047F00138F42; the artifact was not present to re-hash in this run.","Review provenance must preserve the reconstructed/original distinction.","No reconstructed evidence was relabeled as original.","ACCEPTED LIMITATION","Accepted Limitation","B0-03","Evidence limitation","Qualified exactly as supplied",""
"SEC-0015","Finding","P9-10 review archives unavailable","external supplied evidence","supplied task section 2 limitations 3 and 4","P9-10 review archives unavailable","The original 28 July P9-10 review ZIP is unavailable; any 29 July archive is reconstructed.","The supplied acceptance contract states both limitations; neither archive was used as current repository evidence.","P9-10 review provenance cannot be independently re-established in this audit unit.","The audit relies on current checkpoint files and states the archive limitation explicitly.","ACCEPTED LIMITATION","Accepted Limitation","B0-03","Evidence limitation","Qualified exactly as supplied",""
"SEC-0016","Finding","Windows CRLF migration hash","backend/tests/test_ioc_relationship_migration.py","lines 155-158; test_previous_migration_files_are_byte_for_byte_unchanged","Windows CRLF migration hash","Known raw-byte assertion is environment-specific; migration history and expected hashes were not changed.","The full runner reproduced exactly one failure in the named byte-for-byte test after 3,677 passes and 6 skips; focused functional validation passed.","The failure prevents a fully green Windows runner but does not demonstrate changed migration semantics in B0-02.","Editing historical migration bytes or expected hashes to hide the failure is prohibited.","ACCEPTED LIMITATION","Accepted Limitation","B1-02","Windows full-regression environment","Reproduced and left unchanged",""
"SEC-0017","Finding","UI database success evidence unavailable","external isolated local UI runtime","overview-states.png and both detail error screenshots","UI database success evidence unavailable","Backend health succeeded, but no PostgreSQL service was started; API-backed panels and details were verified in loading/sanitized failure states, not live data success/empty states.","Local browser inspection recorded HTTP 200 health and honest unavailable/error UI; four genuine screenshots are included in the focused archive.","This does not prove stored-data success, empty, stale, or permission states.","No fake success was claimed and no database or ingestion service was started.","ACCEPTED LIMITATION","Accepted Limitation","B11-02","Rendered local application","Source, DOM, HTTP, and screenshot review completed",""
"SEC-0018","Finding","Full-page detail screenshot distortion","external in-app browser capture","article-detail-error.png and vulnerability-detail-error.png","Full-page detail screenshot distortion","Full-page capture distorted simple detail pages despite correct computed geometry; viewport screenshots were used and visually verified.","Computed DOM geometry was correct and undistorted viewport screenshots show both sanitized error pages.","The capture-tool limitation affects full-page evidence format, not the verified page layout or application state.","Only genuine viewport captures are included; distorted full-page captures are excluded.","ACCEPTED LIMITATION","Accepted Limitation","B0-02","External screenshot tooling","Viewport screenshots visually verified",""
"SEC-0019","Finding","Privileged production database account","compose.prod.yml; docs/production-docker-deployment.md","compose.prod.yml lines 21-23, 61-63, and 132-134; deployment guide lines 534-535","Privileged production database account","The database container, backend service, and migration service receive the same POSTGRES_USER and POSTGRES_PASSWORD values. The deployment guide explicitly states that the backend and migration service reuse the privileged database-initialisation role and that no restricted application role is provisioned.","Complete production Compose and deployment-guide review confirmed the same required database identity is supplied to all three services and the limitation is explicitly documented.","A backend compromise, unsafe query defect, or accidental application action would inherit unnecessarily broad database privileges and increase the potential for destructive data or schema changes.","This is an evidence-backed High database-integrity and blast-radius risk for staging.","BLOCKER","Complete Later","B9-01","Production database, backend, and migration services","Static configuration and documentation review completed","Database role/schema design may also require coordination with B1-02; B9-01 remains the single responsible task."
"SEC-0020","Finding","Rollback cleanup failures silently suppressed","backend/app/ingestion/services/anomali_publications_ingestion_service.py; backend/app/ingestion/services/censys_publications_ingestion_service.py","Anomali service lines 549-560; Censys service lines 553-564","Rollback cleanup failures silently suppressed","Both _rollback_safely helpers catch ordinary Exception from session.rollback() and execute pass. The rollback failure is neither propagated nor logged.","Complete helper review confirmed identical ordinary-Exception suppression after session.rollback() in both services.","A failed rollback can remain unobservable while the SQLAlchemy session is in an uncertain state. This weakens transaction auditability and could affect later retries or orchestrated execution.","Silent rollback cleanup failure is a demonstrated Medium production reliability and transaction-auditability defect.","MUST FIX","Complete Later","B1-06","Anomali and Censys manual ingestion failure paths","Static service review completed","No service-code remediation was performed during B0-02."
"SEC-0021","Finding","Development and test dependencies in production backend image","backend/Dockerfile.prod; backend/requirements.txt; docs/production-docker-deployment.md","Dockerfile.prod lines 12-15; requirements.txt lines 14-15; deployment guide lines 536-537","Development and test dependencies in production backend image","The production backend image installs the shared requirements file, which includes pytest and pytest-asyncio.","Dockerfile.prod copies and installs requirements.txt; that file declares pytest and pytest-asyncio, and the deployment guide records the shared runtime/development dependency limitation.","Unneeded production packages increase image size, dependency surface, and production/development drift.","APScheduler is already covered separately by SEC-0006 and is not double-counted in this finding.","FOLLOW-UP","Remove","B9-01","Production backend image build","Static Docker, dependency, and documentation review completed","No dependency or Docker-file remediation was performed during B0-02."
